 Cambridge  English Grammar In Use (3rd Edition With Answers),Cambridge+English+Grammar+(3rd+Edition+With+Answers)
01 Correr ou Morrer   Maze Runner    James Dashner,Correr+Morrer+Maze+Runner+James+Dashner
01 Cathian The Vorge Crew Laurann Dohner  pdf,Cathian+Vorge+Crew+Laurann+Dohner
02 Dovis The Vorge Crew Laurann Dohner   Laurann Dohner PLeSH,Dovis+Vorge+Crew+Laurann+Dohner+Laurann+Dohner+PLeSH
03 York The Vorge Crew Laurann Dohner Rev SHePL,York+Vorge+Crew+Laurann+Dohner+SHePL
04 Raff The Vorger Crew Laurann Dohner Rev SHePL,Raff+Vorger+Crew+Laurann+Dohner+SHePL
100 Filmes Para Ver Antes de Morrer   Cópia,Filmes+Para+Antes+Morrer+Cópia
100 Maneiras de Motivar a si Me   Steve Chandler 1 (1),Maneiras+Motivar+Steve+Chandler
1001 Filmes para ver antes de morrer,1001+Filmes+para+antes+morrer
11 Desperte o milionario que ha em,Desperte+milionario
12 Dias para Atualizar Sua Vida   Tiago Brunet,Dias+para+Atualizar+Vida+Tiago+Brunet
12 meses para enriquecer o plano da virada marcelo silvestre,meses+para+enriquecer+plano+virada+marcelo+silvestre
17 Equacoes Que Mudaram o Mundo   Ian Stewart,Equacoes+Mudaram+Mundo+Stewart
1984   George Orwell,1984+George+Orwell
20.000 Léguas Submarinas   Julio Verne,20.000+Léguas+Submarinas+Julio+Verne
23 Habitos Anti Procrastinacao ,Habitos+Anti+Procrastinacao
23 noites de prazer   Juliana Costa,noites+prazer+Juliana+Costa
3 investimentos para ter um salario vitalicio,investimentos+para+salario+vitalicio
3. Revelada   C. C. Hunter,Revelada+Hunter
365 dias que mudaram o mundo   History Channel,dias+mudaram+mundo+History+Channel
40 livro a renda fixa nao e fixa,livro+renda+fixa+fixa
50 Ideias de Fisica Quantica   Joanne Baker,Ideias+Fisica+Quantica+Joanne+Baker
50 Pensadores que Formaram o Mu   Stephen Trombley,Pensadores+Formaram+Stephen+Trombley
52 Maneiras de Ganhar Mais Dinh   Clene Salles,Maneiras+Ganhar+Mais+Dinh+Clene+Salles
53+exercícios+funcional+com+acessórios,53+exercícios+funcional+com+acessórios
6 Passos para Organizar sua Vida Financeira,Passos+para+Organizar+Vida+Financeira
666   O Limiar do Inferno   Jay Anson,Limiar+Inferno+Anson
8 Habitos de um lider eficaz,Habitos+lider+eficaz
A anatomia de um desastre (política),anatomia+desastre+(política)
A ARTE DA MEDITAÇÃO  de Daniel Goleman,ARTE+MEDITAÇÃO+Daniel+Goleman
A Arte da Negociacao   Michael Wheeler,Arte+Negociacao+Michael+Wheeler
a Arte da persuasão pdf 1,Arte+persuasão
A Arte da Persuasão,Arte+Persuasão
A Arte da Seducao   Robert Greene,Arte+Seducao+Robert+Greene
A Arte de Argumentar   Antonio Suarez Abreu,Arte+Argumentar+Antonio+Suarez+Abreu
A Arte de Fazer Acontecer   David Allen,Arte+Fazer+Acontecer+David+Allen
A Arte de Influenciar Pessoas,Arte+Influenciar+Pessoas
A arte de ler mentes,arte+mentes
A Arte de se Fazer Respeitar   Barbara Berckhan,Arte+Fazer+Respeitar+Barbara+Berckhan
A arte do Hacking   A tática na prática   por Nicholas Ferreira,arte+Hacking+tática+prática+Nicholas+Ferreira
A arvore de dinheiro   Guia par   Jurandir Sell Macedo Jr,arvore+dinheiro+Guia+Jurandir+Sell+Macedo
A Bandeira Vermelha   Jordan Souza,Bandeira+Vermelha+Jordan+Souza
A Bola de Neve Warren Buffett e o Negocio da Vida   Alice Schroeder,Bola+Neve+Warren+Buffett+Negocio+Vida+Alice+Schroeder
A Cabana   William P. Young,Cabana+William+Young
A Casa na Rua Esperanca   Danielle Steel,Casa+Esperanca+Danielle+Steel
A Casa Negra   Stephen King,Casa+Negra+Stephen+King
A Casa no Lago   Thomas Harding,Casa+Lago+Thomas+Harding
A Cidade do Sol   Tommaso Campanella,Cidade+Tommaso+Campanella
A Cidade dos Segredos   Sasha Gould,Cidade+Segredos+Sasha+Gould
A cidade sitiada   Clarice Lispector,cidade+sitiada+Clarice+Lispector
A Ciencia de Ficar Rico   Wallace D,Ciencia+Ficar+Rico+Wallace
A Ciencia economica e o metodo    Hans Hermann Hoppe,Ciencia+economica+metodo+Hans+Hermann+Hoppe
A Civilizacao Inca   Henri Favre,Civilizacao+Inca+Henri+Favre
A civilizacao Maia   Paul Gendrop,civilizacao+Maia+Paul+Gendrop
A Civilização Asteca   Jacques Soustelle,Civilização+Asteca+Jacques+Soustelle
A Conquista Social da Terra   Edward O,Conquista+Social+Terra+Edward
A Crise De 1929   Bernard Gazier,Crise+1929+Bernard+Gazier
A Dinamica do Capitalismo   Fernand Braudel,Dinamica+Capitalismo+Fernand+Braudel
A Ditadura Militar no Brasil 1964 a 1984  Maria Jose de Rezende,Ditadura+Militar+Brasil+1964+1984+Maria+Jose+Rezende
A Economia da Desigualdade   Thomas Piketty,Economia+Desigualdade+Thomas+Piketty
A Era dos Extremos   Eric J,Extremos+Eric
A Escolha dos Tres   Stephen King,Escolha+Tres+Stephen+King
A Estrada   Cormac McCarthy,Estrada+Cormac+McCarthy
A Estrela do Sul   Julio Verne,Estrela+Julio+Verne
A Etica da Liberdade   Murray N. Rothbard,Etica+Liberdade+Murray+Rothbard
A Etica da Redistribuicao   Bertrand de Jouvenel,Etica+Redistribuicao+Bertrand+Jouvenel
A filosofia explica grandes questões da humanidade,filosofia+explica+grandes+questões+humanidade
A Flor Da Pele   Helena Hunting,Flor+Pele+Helena+Hunting
A FÍSICA QUÂNTICA NA VIDA REAL OSNY RAMOS,FÍSICA+QUÂNTICA+VIDA+REAL+OSNY+RAMOS
A Galera Chancellor   Julio Verne,Galera+Chancellor+Julio+Verne
A Garota do Lago   Marcio Ardenghe D,Garota+Lago+Marcio+Ardenghe
A Garota dos Olhos Azuis   Karin Slaughter,Garota+Olhos+Azuis+Karin+Slaughter
A Gramática Para Concursos   Fernando Pestana   MATERIAL COMPLEMENTAR,Gramática+Para+Concursos+Fernando+Pestana+MATERIAL+COMPLEMENTAR
A Grande Depressao Americana   Murray N. Rothbard,Grande+Depressao+Americana+Murray+Rothbard
A Guerra Que Salvou a Minha Vida   Kimberly Brubaker Bradley 1 1,Guerra+Salvou+Minha+Vida+Kimberly+Brubaker+Bradley
A história bizarra da 2 guerra,história+bizarra+guerra
A História do Brasil para quem tem Pressa   Marcos Costa,História+Brasil+para+quem+Pressa+Marcos+Costa
A Hora da Estrela   Clarice Lispector (2),Hora+Estrela+Clarice+Lispector
A Ilha  Um reporter brasileiro   Fernando Morais,Ilha+reporter+brasileiro+Fernando+Morais
A jogada do seculo   Michael Lewis,jogada+seculo+Michael+Lewis
A Lei da Atração e o poder do pensamento,Atração+poder+pensamento
A Lei da Atração,Atração
A Logica da Emocao   Manoelita Dias dos Santos,Logica+Emocao+Manoelita+Dias+Santos
A Magica de Pensar Grande   David J. Schwartz,Magica+Pensar+Grande+David+Schwartz
A Magica de Pensar Grande   David J,Magica+Pensar+Grande+David
A Matematica nos Tribunais   Leila Schneps,Matematica+Tribunais+Leila+Schneps
A Menina Que Nao Sabia Ler   Vo   John Harding(1),Menina+Sabia+John+Harding(1)
A Menina Que Nao Sabia Ler   Vo   John Harding,Menina+Sabia+John+Harding
A Mentalidade Anticapitalista,Mentalidade+Anticapitalista
A minha grama é mais verde   Jaime Kemp,minha+grama+mais+verde+Jaime+Kemp
A Mulher na Cabine  Ruth Ware,Mulher+Cabine+Ruth+Ware
A Mulher Nua   Desmond Morris,Mulher+Desmond+Morris
A Mulher que Matou os Peixes   Clarice Lispector,Mulher+Matou+Peixes+Clarice+Lispector
A Origem da Espécie Humana   Richard Leakey,Origem+Espécie+Humana+Richard+Leakey
A Origem das Espécies (Trad,Origem+Espécies+(Trad
A Prisao do Rei   Victoria Aveyard,Prisao+Victoria+Aveyard
A queda de Napoleao   Jean Paul Bertaud,queda+Napoleao+Jean+Paul+Bertaud
A Rainha Vermelha   Victoria Aveyard,Rainha+Vermelha+Victoria+Aveyard
A renda fixa nao e fixa   Marilia Fontes,renda+fixa+fixa+Marilia+Fontes
A Revolucao dos Bichos   George Orwell,Revolucao+Bichos+George+Orwell
A Roda da Eternidade   Neil Gaiman,Roda+Eternidade+Neil+Gaiman
A Sociedade Individualizada   Zygmunt Bauman,Sociedade+Individualizada+Zygmunt+Bauman
A Startup Enxuta   Eric Ries,Startup+Enxuta+Eric+Ries
A Sutil Arte de Ligar o Foda se   Mark Manson,Sutil+Arte+Ligar+Foda+Mark+Manson
A Ultima Mensagem de Hiroshima   Takashi Morita,Ultima+Mensagem+Hiroshima+Takashi+Morita
A Ultima Noite em Tremore Beach   Mikel Santiago,Ultima+Noite+Tremore+Beach+Mikel+Santiago
A Vida   O Universo e Tudo Mais   Douglas Adams,Vida+Universo+Tudo+Mais+Douglas+Adams
A Virtude do Egoismo   Ayn Rand,Virtude+Egoismo+Rand
ABC da Relatividade   Bertrand Russel,Relatividade+Bertrand+Russel
Abel Sidney Conto ou Nao Conto,Abel+Sidney+Conto+Conto
Acao Humana    Um Tratado de Ec   Ludwig von Mises,Acao+Humana+Tratado+Ludwig+Mises
Adeus  aposentadoria   Gustavo Cerbasi,Adeus+aposentadoria+Gustavo+Cerbasi
Aditya Bhargava Grokking Algorithms  An Illustrated Guide for Programmers and Other Curious People Manning Publications (2016),Aditya+Bhargava+Grokking+Algorithms+Illustrated+Guide+Programmers+Other+Curious+People+Manning+Publications+(2016)
Adolph Hitler Minha Luta   Mein Kampf,Adolph+Hitler+Minha+Luta+Mein+Kampf
agile desenvolvimento de software com entregas frequentes e foco no valor de negocio,agile+desenvolvimento+software+entregas+frequentes+foco+valor+negocio
Alberto Figueiredo Pimentel Historias da Avozinha,Alberto+Figueiredo+Pimentel+Historias+Avozinha
Alexander Elder   Como se Transformar em um Operador e Investidor de Sucesso,Alexander+Elder+Como+Transformar+Operador+Investidor+Sucesso
Alexandre Compart A menina que nao precisava de oculos (1),Alexandre+Compart+menina+precisava+oculos
algaworks livro programacao para iniciantes v1,algaworks+livro+programacao+para+iniciantes
Algorithms 4th Ed   Robert Sedgewick  Kevin Wayne (2011),Algorithms+Robert+Sedgewick+Kevin+Wayne+(2011)
Alimentacao Fitness Guia Para 1,Alimentacao+Fitness+Guia+Para
Aloysio Biondi   O Brasil Privatizado,Aloysio+Biondi+Brasil+Privatizado
Aluno irresistível ,Aluno+irresistível
An+Investor's+Take+on+Cryptoassets+v6,An+Investor's+Take+on+Cryptoassets+v6
Angela Yvonne Davis   Mulheres  raca e classe,Angela+Yvonne+Davis+Mulheres+raca+classe
Angular 6 by Example  Get up an   Chandermani Arora,Angular+Example+Chandermani+Arora
Angular 6 for Enterprise Ready Web Applications  Deliver production ready and cloud scale Angular web apps,Angular+Enterprise+Ready+Applications+Deliver+production+ready+cloud+scale+Angular+apps
Anita Notaro   Há Sempre um Amanhã,Anita+Notaro+Sempre+Amanhã
Anjos e Demônios   A Primeira Aventura de Robert Langdon   Dan Brown,Anjos+Demônios+Primeira+Aventura+Robert+Langdon+Brown
Antes da Queda   Noah Hawley,Antes+Queda+Noah+Hawley
Antes que o casamento nos separe,Antes+casamento+separe
Anthony Robbins   Poder Sem Limites,Anthony+Robbins+Poder+Limites
Antifragil   Nassim Nicholas Taleb,Antifragil+Nassim+Nicholas+Taleb
Análise Técnica Instituto Cisne (1),Análise+Técnica+Instituto+Cisne
Ao cair da noite   Stephen King,cair+noite+Stephen+King
Aprenda a Operar no Mercado de   Alexander Elder,Aprenda+Operar+Mercado+Alexander+Elder
Aprenda o Buy and Hold Fabio Faria CNPI 1711,Aprenda+Hold+Fabio+Faria+CNPI+1711
Aprendendo a Pensar com a Socio   Zygmunt Bauman,Aprendendo+Pensar+Socio+Zygmunt+Bauman
Armas  Germes e Aco   Jared Diamond,Armas+Germes+Jared+Diamond
Arnaldo Jabor   Os Canibais Estao Na Sala De Jantar,Arnaldo+Jabor+Canibais+Estao+Sala+Jantar
Arquitetura e Construção   Edição 12   (Dezembro 2017),Arquitetura+Construção+Edição+(Dezembro+2017)
As 21 Irrefurtaveis leis da liderança,Irrefurtaveis+leis+liderança
As Cinco Linguagens do Amor,Cinco+Linguagens+Amor
As mentiras Que Os Homens Conta   Luis Fernando Verissimo,mentiras+Homens+Conta+Luis+Fernando+Verissimo
As Sobreviventes   Riley Sager,Sobreviventes+Riley+Sager
As vantagens de ser otimista   Allan Percy,vantagens+otimista+Allan+Percy
as valkirias paulo coelho,valkirias+paulo+coelho
As Vantagens de Ser Invisivel Stephen Chbosky,Vantagens+Invisivel+Stephen+Chbosky
Assassinato no Expresso do Oriente   Agatha Christie,Assassinato+Expresso+Oriente+Agatha+Christie
Astrofísica Para Apressados   Neil De Grasse Tyson,Astrofísica+Para+Apressados+Neil+Grasse+Tyson
Aswath Damoran   Valuation  Como Avaliar Empresas e Escolher as Melhores Ações,Aswath+Damoran+Valuation+Como+Avaliar+Empresas+Escolher+Melhores+Ações
as 7 leis do universo 01 (1) PDF,leis+universo
As cinco linguagens do perdao Gary Chapm,cinco+linguagens+perdao+Gary+Chapm
As Duvidas mais comuns em Concursos   Fernando Pestana   2015  [materialcursoseconcursos.blogspot.com,Duvidas+mais+comuns+Concursos+Fernando+Pestana+2015+[materialcursoseconcursos.blogspot.com
Ate Mais  e Obrigado Pelos Peixes!   Douglas Adams,Mais+Obrigado+Pelos+Peixes!+Douglas+Adams
Ate o Fim do Mundo   Tommy Wallach,Mundo+Tommy+Wallach
Atencao Plena   Mark Williams,Atencao+Plena+Mark+Williams
Axiomas De Zurique   Max Gunther,Axiomas+Zurique+Gunther
A Arte da Guerra L&PM,Arte+Guerra+L&PM
B. A,
BACHELARD  G. A Chama de uma Vela,BACHELARD+Chama+Vela
BACHELARD  G. A Epistemologia,BACHELARD+Epistemologia
BACHELARD  G. A Formação do Espírito Científico,BACHELARD+Formação+Espírito+Científico
BACHELARD  G. A Poética do Devaneio,BACHELARD+Poética+Devaneio
BADIOU  Alain. Pequeno Manual de Inestética,BADIOU+Alain.+Pequeno+Manual+Inestética
Battlefield of the Mind Meyer,Battlefield+Mind+Meyer
Be obsessed or be average ( PDFDrive.com ),obsessed+average+PDFDrive.com
BEAUVOIR  S. O Segundo Sexo 1  Fatos e mitos,BEAUVOIR+Segundo+Sexo+Fatos+mitos
Bec Botefuhr   01 Dark Poison (TRT),Botefuhr+Dark+Poison+(TRT)
Bec Botefuhr   02 Dark Desire (TRT),Botefuhr+Dark+Desire+(TRT)
Bec Botefuhr   03 Dark Endings (TRT),Botefuhr+Dark+Endings+(TRT)
Bec Botefuhr   04 Dark Destiny (TRT),Botefuhr+Dark+Destiny+(TRT)
Bem Profundo   Portia Da Costa (1),Profundo+Portia+Costa
BERGSON  Henri. A Evolução Criadora,BERGSON+Henri.+Evolução+Criadora
BERGSON  Henri. Ensaio sobre os dados imediatos da consciênc,BERGSON+Henri.+Ensaio+sobre+dados+imediatos+consciênc
BERGSON  Henri. Matéria e Memória,BERGSON+Henri.+Matéria+Memória
BERGSON  Henri. O Pensamento e o Movente   Parte A,BERGSON+Henri.+Pensamento+Movente+Parte
BERGSON  Henri. O Riso,BERGSON+Henri.+Riso
BIOLOGIA 1 BERNOULLI,BIOLOGIA+BERNOULLI
Bitcoin A Moeda na Era Digital   Fernando Ulrich 1,Bitcoin+Moeda+Digital+Fernando+Ulrich
Bitcoin A Moeda na Era Digital   Fernando Ulrich,Bitcoin+Moeda+Digital+Fernando+Ulrich
BOBBIO  N. Dicionário de política,BOBBIO+Dicionário+política
BOBBIO  N. Direira e esquerda,BOBBIO+Direira+esquerda
BOBBIO  N. O conceito de sociedade civil,BOBBIO+conceito+sociedade+civil
BOBBIO  N. O positivismo juridico   lições da filosofia do direito,BOBBIO+positivismo+juridico+lições+filosofia+direito
Bons pensamentos bons sentimentos manual paul stallardpdf,Bons+pensamentos+bons+sentimentos+manual+paul+stallardpdf
BUTLER  J. Deshacer el genero [espanhol],BUTLER+Deshacer+genero+[espanhol]
BUTLER  Judith. Cuerpos que importan,BUTLER+Judith.+Cuerpos+importan
BUTLER  Judith. Precarious life,BUTLER+Judith.+Precarious+life
C. C. Hunter   Eterna   Zamzar,Hunter+Eterna+Zamzar
caderno cidadania financeira,caderno+cidadania+financeira
café1926015105,café1926015105
Campo de Batalha da Mente,Campo+Batalha+Mente
Cancao de Susannah   Stephen King,Cancao+Susannah+Stephen+King
CANDILLAC  Maurice de. Gêneses da Modernidade,CANDILLAC+Maurice+Gêneses+Modernidade
CANGUILHEM  Georges. O Conhecimento da Vida,CANGUILHEM+Georges.+Conhecimento+Vida
CANGUILHEM  Georges. O Normal e o Patológico (6. ed.) (dig.),CANGUILHEM+Georges.+Normal+Patológico+ed.)+(dig.)
Caninos Brancos   Jack London,Caninos+Brancos+Jack+London
Carolyn Boroden   Fibonacci Trading,Carolyn+Boroden+Fibonacci+Trading
Carta a Uma Nação Cristã   Sam Harris,Carta+Nação+Cristã+Harris
Cartillha SuperDotados,Cartillha+SuperDotados
casal e família transmissão  conflito e violência,casal+família+transmissão+conflito+violência
casamento blindado renato e cristiane cardoso,casamento+blindado+renato+cristiane+cardoso
CASSIRER  Ernst. A Filosofia do Iluminismo (1. ed.),CASSIRER+Ernst.+Filosofia+Iluminismo+ed.)
CASSIRER  Ernst. Antropología Filosófica   Introducción a Una Filosofía de la Cultura,CASSIRER+Ernst.+Antropología+Filosófica+Introducción+Filosofía+Cultura
CASSIRER  Ernst. Indivíduo e Cosmos na Filosofia do Renascimento,CASSIRER+Ernst.+Indivíduo+Cosmos+Filosofia+Renascimento
CASSIRER  Ernst. Linguagem e Mito,CASSIRER+Ernst.+Linguagem+Mito
Caçando Eichmann,Caçando+Eichmann
Celso Daniel  Politica  corrupcão.epub,Celso+Daniel+Politica+corrupcão.epub
Cem Anos de Solidão   Gabriel García Márquez,Anos+Solidão+Gabriel+García+Márquez
CHALMERS  Alan. O Que é Ciência Afinal (2. ed.),CHALMERS+Alan.+Ciência+Afinal+ed.)
CHALMERS  Alan. What is This Thing Called Science (3. ed.),CHALMERS+Alan.+What+This+Thing+Called+Science+ed.)
Chamas na Escuridao   Sadie Matthews,Chamas+Escuridao+Sadie+Matthews
CHEVALIER  J. As grandes obras políticas de Maquiavel a nossos dias.,CHEVALIER+grandes+obras+políticas+Maquiavel+nossos+dias.
CHOMSKY  N. Linguagem e Mente,CHOMSKY+Linguagem+Mente
CHOMSKY  N. O lucro ou as pessoas,CHOMSKY+lucro+pessoas
christian godefroy como ultrapassar a timidez,christian+godefroy+como+ultrapassar+timidez
Cicatrizes de aco   Um conto da   Victoria Aveyard,Cicatrizes+conto+Victoria+Aveyard
Ciencia e Mito   Wolfgang Smith,Ciencia+Mito+Wolfgang+Smith
Cilada   Harlan Coben,Cilada+Harlan+Coben
Cinquenta Tons de Liberdade   Série Cinquenta Tons de Cinza #3   E. L. James,Cinquenta+Tons+Liberdade+Série+Cinquenta+Tons+Cinza+James
Cinquenta Tons de Prazer   Marisa Bennett,Cinquenta+Tons+Prazer+Marisa+Bennett
Cinquenta Tons Mais Escuros   Cinquenta Tons de Cinza 02   E. L. James,Cinquenta+Tons+Mais+Escuros+Cinquenta+Tons+Cinza+James
CIORAN  E. Breviário da decomposição,CIORAN+Breviário+decomposição
Clean Code,Clean+Code
Coacnhing Com PNL Para Leigos   Kate Burton,Coacnhing+Para+Leigos+Kate+Burton
code complete 2nd edition v413hav,code+complete+edition+v413hav
Coding for Penetration Testers   Building Better Tools   J. Andress  R. Linn (Syngress  2012) WW,Coding+Penetration+Testers+Building+Better+Tools+Andress+Linn+(Syngress+2012)
coelho paulo brida,coelho+paulo+brida
Collor Presidente   Marco Antonio Villa,Collor+Presidente+Marco+Antonio+Villa
Como controlar o seu tempo   GRUPO IC   DOSSIE SUPERINTERESSANTE JUNHO 2018,Como+controlar+tempo+GRUPO+DOSSIE+SUPERINTERESSANTE+JUNHO+2018
Como Criar e Modificar Hábitos,Como+Criar+Modificar+Hábitos
Como Criar uma Mente   Ray Kurzweil,Como+Criar+Mente+Kurzweil
Como Dizer Tudo em Ingles   Ron Martinez,Como+Dizer+Tudo+Ingles+Martinez
Como domar um elefante   Jan Chozen bays,Como+domar+elefante+Chozen+bays
Como Evitar Preocupacoes e Comecar a Viv   Dale Carnegie,Como+Evitar+Preocupacoes+Comecar+Dale+Carnegie
COMO FALAR EM PUBLICO DALE CARNEGIE,COMO+FALAR+PUBLICO+DALE+CARNEGIE
Como Identificar a HORA CERTA de Comprar e Vender BITCOINS,Como+Identificar+HORA+CERTA+Comprar+Vender+BITCOINS
Como Organizar Sua Vida Finance   Gustavo Cerbasi,Como+Organizar+Vida+Finance+Gustavo+Cerbasi
Como Passa em Concurso Cespe   7000 Questões   2016,Como+Passa+Concurso+Cespe+7000+Questões+2016
Como se aposentar com 40 anos   Vicente Guimarães,Como+aposentar+anos+Vicente+Guimarães
Como se libertar das relacoes t   Lucy Beresford,Como+libertar+relacoes+Lucy+Beresford
Como Vencer Quando Voce nao e o   Rubens Teixeira,Como+Vencer+Quando+Voce+Rubens+Teixeira
Como Atrair Clientes Guia do Engenheiro,Como+Atrair+Clientes+Guia+Engenheiro
Como Investir na Bolsa de Valores   Ebook (1),Como+Investir+Bolsa+Valores+Ebook
comportamentohumano,comportamentohumano
COMTE SPONVILLE  A. A Felicidade  Desesperadamente,COMTE+SPONVILLE+Felicidade+Desesperadamente
COMTE SPONVILLE  A. Apresentação da Filosofia,COMTE+SPONVILLE+Apresentação+Filosofia
COMTE SPONVILLE  A. Pequeno tratado das grandes virtudes,COMTE+SPONVILLE+Pequeno+tratado+grandes+virtudes
Conquiste Sua Independencia,Conquiste+Independencia
Conserte Tudo   Guia prático do reparador eletrônico    Newton C. Braga,Conserte+Tudo+Guia+prático+reparador+eletrônico+Newton+Braga
Cosmos   Carl Sagan,Cosmos+Carl+Sagan
Cracking the Coding Interview  4 Edition   150 Programming Interview Questions and Solutions,Cracking+Coding+Interview+Edition+Programming+Interview+Questions+Solutions
Cracking the Coding Interview  6th Edition 189 Programming Questions and Solutions,Cracking+Coding+Interview+Edition+Programming+Questions+Solutions
Crash   Alexandre Versignassi,Crash+Alexandre+Versignassi
Crave a Marca   Veronica Roth,Crave+Marca+Veronica+Roth
Crer ounao crer,Crer+ounao+crer
criar artigo,criar+artigo
Critica da Razao Pura   Immanuel Kant,Critica+Razao+Pura+Immanuel+Kant
Curso de Desenho,Curso+Desenho
Curso de Hambúrguer Artesanal 1,Curso+Hambúrguer+Artesanal
Dan Brown   A Origem  oficial,Brown+Origem+oficial
Daniel Bovolento   Por onde andam as pessoas interessantes,Daniel+Bovolento+onde+andam+pessoas+interessantes
Dark House   Karina Halle,Dark+House+Karina+Halle
DAWKINS  R. Deus  um Delírio,DAWKINS+Deus+Delírio
DAWKINS  R. O Gene Egoísta   Richard Dawkins,DAWKINS+Gene+Egoísta+Richard+Dawkins
DE MASI  Domenico. O futuro do trabalho,MASI+Domenico.+futuro+trabalho
De que e Feito o Universo    Richard Panek,Feito+Universo+Richard+Panek
Dead Island   Mark Morris,Dead+Island+Mark+Morris
DEBORD  G.  Panegírico,DEBORD+Panegírico
DEBORD  G. A sociedade do espetáculo.,DEBORD+sociedade+espetáculo.
Depravado   Jaimie Roberts,Depravado+Jaimie+Roberts
Desperta ao Amanhecer   C.C. Hunter,Desperta+Amanhecer+C.C.+Hunter
Desperte o Gigante Interior   Anthony Robbins,Desperte+Gigante+Interior+Anthony+Robbins
Desperte o milionario que ha em   Carlos Wizard Martins,Desperte+milionario+Carlos+Wizard+Martins
Deus Não é Grande   Christopher Hitchens,Deus+Grande+Christopher+Hitchens
Deus  Um Delírio   Richard Dawkins,Deus+Delírio+Richard+Dawkins
developing middleware java ee 8,developing+middleware+java
Dezenove Regras Operacionais para se Tornar um Vencedor (Martin J. Pring),Dezenove+Regras+Operacionais+para+Tornar+Vencedor+(Martin+Pring)
Dicas para Cuidar da sua Saúde Financeira,Dicas+para+Cuidar+Saúde+Financeira
Dicionario secreto da maconaria   Sergio Pereira Couto,Dicionario+secreto+maconaria+Sergio+Pereira+Couto
Diário de um Banana 1  Completo,Diário+Banana+Completo
do big Bang ao universo eterno,Bang+universo+eterno
Do zero ao milhao   Carlos Wizard Martins,zero+milhao+Carlos+Wizard+Martins
DOC 20180201 WA0008,20180201+WA0008
Doce Tatuagem   Helena Hunting,Doce+Tatuagem+Helena+Hunting
DOri Vergalhao Simplicio e o colchao magico,DOri+Vergalhao+Simplicio+colchao+magico
Drauzio Varella   Prisioneiras,Drauzio+Varella+Prisioneiras
e book bolsa de valores,book+bolsa+valores
E book Liberdade Financeira   O primeiro passo,book+Liberdade+Financeira+primeiro+passo
E book Mercado Financeiro,book+Mercado+Financeiro
EAGLETON  Terry. A Ideologia da Estética,EAGLETON+Terry.+Ideologia+Estética
EAGLETON  Terry. As Ilusões do Pós Modernismo,EAGLETON+Terry.+Ilusões+Modernismo
EAGLETON  Terry. Marxismo e crítica literária,EAGLETON+Terry.+Marxismo+crítica+literária
EAGLETON  JAMESON  SAID. Nationalism  Colonialism and literature   Introduction by Seamus Deane,EAGLETON+JAMESON+SAID.+Nationalism+Colonialism+literature+Introduction+Seamus+Deane
EBOOK   COMO FALAR BEM O GUIA DEFINITIVO PARA SE TORNAR UM LÍDER,EBOOK+COMO+FALAR+GUIA+DEFINITIVO+PARA+TORNAR+LÍDER
Ebook Faxina 1,Ebook+Faxina
EBOOK 6 PASSOS ,EBOOK+PASSOS
ebook fii,ebook
Ebook Perguntas Magicas de PNL Coaching Andre Sampaio,Ebook+Perguntas+Magicas+Coaching+Andre+Sampaio
Economia Brasileira   Antonio Correa de Lacerda,Economia+Brasileira+Antonio+Correa+Lacerda
Economia do Individuo   Rodrigo Constantino,Economia+Individuo+Rodrigo+Constantino
Economia nua e crua   Charles Wheelan,Economia+crua+Charles+Wheelan
Edgar Allan Poe   Poemas e ensaios,Edgar+Allan+Poemas+ensaios
Educação  convivência e ética   Mario Sergio Cortella,Educação+convivência+ética+Mario+Sergio+Cortella
Elon Musk  Como o CEO Bilionari Ashlee Vance,Elon+Musk+Como+Bilionari+Ashlee+Vance
Elsevier   Inteligencia Artificial   2013,Elsevier+Inteligencia+Artificial+2013
Em Aguas Sombrias   Paula Hawkins,Aguas+Sombrias+Paula+Hawkins
Em Busca do Tesouro Direto   Miguel Longuini,Busca+Tesouro+Direto+Miguel+Longuini
Emagreca Comendo Bem  Receitas   Daniela C. Schiavon,Emagreca+Comendo+Receitas+Daniela+Schiavon
Encyclopedia of Chart Patterns   Thomas Bulkowski,Encyclopedia+Chart+Patterns+Thomas+Bulkowski
English Grammar For Dummies  Second Edition   English Grammar for Dummies,English+Grammar+Dummies+Second+Edition+English+Grammar+Dummies
English Grammar Understanding Basics,English+Grammar+Understanding+Basics
English Unlimited C1 Coursebook,English+Unlimited+Coursebook
Entre mundos   Neil Gaiman,Entre+mundos+Neil+Gaiman
Espada de Vidro   Victoria Aveyard,Espada+Vidro+Victoria+Aveyard
Estação Perdido   China Miéville,Estação+Perdido+China+Miéville
Eu Sou a Lenda   Richard Matheson,Lenda+Richard+Matheson
Exercicios para a mente,Exercicios+para+mente
Extraordinario   R. J,Extraordinario
Extraterrestres   Salvador Nogueira 1,Extraterrestres+Salvador+Nogueira
Extreme Ownership   Jocko Willink,Extreme+Ownership+Jocko+Willink
fabrica de milionarios,fabrica+milionarios
Faca como Warren Buffett   Mary Buffett watermark,Faca+como+Warren+Buffett+Mary+Buffett+watermark
Faca seu Cerebro Trabalhar por   Renato Alves,Faca+Cerebro+Trabalhar+Renato+Alves
FALCON  F. Alguns problemas e aspectos das relações entre a ,FALCON+Alguns+problemas+aspectos+relações+entre
Fantasmas  Vampiros  Demonios e   Henry Alfred Bugalho,Fantasmas+Vampiros+Demonios+Henry+Alfred+Bugalho
Farlex Complete English Grammar Rules,Farlex+Complete+English+Grammar+Rules
fascinio do universo,fascinio+universo
FEYERABEND  Paul. Contra o Método,FEYERABEND+Paul.+Contra+Método
FEYERABEND  Paul. Diálogos Sobre o Conhecimento,FEYERABEND+Paul.+Diálogos+Sobre+Conhecimento
Financas Empresariais FAE,Financas+Empresariais
Firebase Cookbook  Over 70 reci   Houssem Yahiaoui,Firebase+Cookbook+Over+reci+Houssem+Yahiaoui
Flash Boys   Michael Lewis,Flash+Boys+Michael+Lewis
Foco   Daniel Goleman,Foco+Daniel+Goleman
Fogo da Furia   T. A,Fogo+Furia
Fora de Serie   Outliers   Malcolm Gladwell (1),Fora+Serie+Outliers+Malcolm+Gladwell
Frank Cohen Java Testing and Design  From Unit Testing to Automated Web Tests Prentice Hall PTR (2004),Frank+Cohen+Java+Testing+Design+From+Unit+Testing+Automated+Tests+Prentice+Hall+(2004)
François Zourabichvili   O Vocabulário de Deleuze,François+Zourabichvili+Vocabulário+Deleuze
FREGE  Gottlob. Lógica e Filosofia da Linguagem,FREGE+Gottlob.+Lógica+Filosofia+Linguagem
FREINET  C. Pedagogia do bom senso,FREINET+Pedagogia+senso
FRIEDMAN  David. liberdade e capitalismo radical,FRIEDMAN+David.+liberdade+capitalismo+radical
Fuga do Campo 14   Blaine Harden,Fuga+Campo+Blaine+Harden
GANDHI. A única revolução possível é dentro de nós,GANDHI.+única+revolução+possível+dentro
Garota Exemplar   Gillian Flynn,Garota+Exemplar+Gillian+Flynn
Garota Online   Zoe Sugg,Garota+Online+Sugg
Garotas Mas   Robin Wasserman,Garotas+Robin+Wasserman
Garra O Poder da Paix o e da Perseveran a   Angela,Garra+Poder+Paix+Perseveran+Angela
Gelo negro   Becca Fitzpatrick,Gelo+negro+Becca+Fitzpatrick
geraldo eustaquio de souza segredos,geraldo+eustaquio+souza+segredos
Gestao da Inovacao   Paulo Tigre,Gestao+Inovacao+Paulo+Tigre
Giorgio Agamben   Ninfas,Giorgio+Agamben+Ninfas
GOFFMAN  Erving. Manicômios  Prisões e Conventos,GOFFMAN+Erving.+Manicômios+Prisões+Conventos
Golpe e a Ditadura 64,Golpe+Ditadura
Goticos   Contos Classicos   Luiz Antonio Aguiar,Goticos+Contos+Classicos+Luiz+Antonio+Aguiar
GramaticaParaConcursosTeoriaeQuestesMarceloRosenthal2011 1,GramaticaParaConcursosTeoriaeQuestesMarceloRosenthal2011
Gramática Comentada com Interpretação de Textos para Concursos   Adriana Figueiredo   2015,Gramática+Comentada+Interpretação+Textos+para+Concursos+Adriana+Figueiredo+2015
Gramática Prática da Língua Inglesa   O inglês descomplicado 10ª Ed,Gramática+Prática+Língua+Inglesa+inglês+descomplicado
Gravidade   Tess Gerritsen,Gravidade+Tess+Gerritsen
GRESH  Alain. Israel  Palestina,GRESH+Alain.+Israel+Palestina
Grey   E. L. James,Grey+James
Guardiao Sombrio   Christine Feehan (1),Guardiao+Sombrio+Christine+Feehan
guia de musculação,guia+musculação
GUIA POLITICAMENTE INCORRETO DA AMERICA LATINA,GUIA+POLITICAMENTE+INCORRETO+AMERICA+LATINA
Guia Politicamente Incorreto da história do mundo  Leandro Narloch,Guia+Politicamente+Incorreto+história+mundo+Leandro+Narloch
Guia Politicamente Incorreto do Futebol   Jones Rossi,Guia+Politicamente+Incorreto+Futebol+Jones+Rossi
Guia Politicamente Incorreto do Sexo   Luiz Felipe Pondé,Guia+Politicamente+Incorreto+Sexo+Luiz+Felipe+Pondé
Guia Politicamente Incorreto dos presidentes   Paulo Schmidt,Guia+Politicamente+Incorreto+presidentes+Paulo+Schmidt
Guia Bitcoin para Novatos,Guia+Bitcoin+para+Novatos
Guia politicamente incorreto da história do Brasil,Guia+politicamente+incorreto+história+Brasil
GUMBRETCH  H. Cascatas da modernidade,GUMBRETCH+Cascatas+modernidade
GYE2KZWG,GYE2KZWG
Hackeando Tudo  90 Habitos Para Mudar o Rumo de Uma Geracao [Ebook]   Raiam Santos,Hackeando+Tudo+Habitos+Para+Mudar+Rumo+Geracao+[Ebook]+Raiam+Santos
Hacker Inside   Vol. 1 1,Hacker+Inside+Vol.
Hades   Alexandra Adornetto,Hades+Alexandra+Adornetto
Half Lies   Sally Green,Half+Lies+Sally+Green
Harry Richardson   A História de Maomé,Harry+Richardson+História+Maomé
Harvard Business Review USA  September October 2017,Harvard+Business+Review+September+October+2017
HAYEK  F. A. caminho da servidão,HAYEK+caminho+servidão
head first design patterns,head+first+design+patterns
HEIDEGGER  Martin. A Caminho da Linguagem,HEIDEGGER+Martin.+Caminho+Linguagem
HEIDEGGER  Martin. Língua de Tradição e Língua Técnica,HEIDEGGER+Martin.+Língua+Tradição+Língua+Técnica
HEIDEGGER  Martin. Ser e Tempo (Parte II),HEIDEGGER+Martin.+Tempo+(Parte
HELICARNASSO  D. Tratado da Imitação,HELICARNASSO+Tratado+Imitação
Herbert Marcuse   A ideologia da sociedade industrial,Herbert+Marcuse+ideologia+sociedade+industrial
HERMAN  H. O problema com Deus.,HERMAN+problema+Deus.
Herois  deuses e monstros da mi   Bernard Evslin (1),Herois+deuses+monstros+Bernard+Evslin
Hewings   Advanced Grammar in Use with Answers 2e HQ   Advanced grammar in use Martin Hewings,Hewings+Advanced+Grammar+with+Answers+Advanced+grammar+Martin+Hewings
Hibisco Roxo   Chimamanda Ngozi Adichie,Hibisco+Roxo+Chimamanda+Ngozi+Adichie
Hiroshima   John Hersey,Hiroshima+John+Hersey
Historia do Futuro   Mirian Leitao,Historia+Futuro+Mirian+Leitao
Historia do mundo em 6 copos   Tom Standage,Historia+mundo+copos+Standage
Historia dos Estados Unidos   Leandro Karnal,Historia+Estados+Unidos+Leandro+Karnal
Historias do Analista de Bage   Luis Fernando Verissimo,Historias+Analista+Bage+Luis+Fernando+Verissimo
História da Riqueza no Brasil   Jorge Caldeira,História+Riqueza+Brasil+Jorge+Caldeira
HOBSBAWM  Eric Rebeldes primitivos,HOBSBAWM+Eric+Rebeldes+primitivos
HOBSBAWM  Eric. Introdução. In A invenção das Tradições,HOBSBAWM+Eric.+Introdução.+invenção+Tradições
Hollywood   Charles Bukowski,Hollywood+Charles+Bukowski
Holocausto   Gerald Green,Holocausto+Gerald+Green
Holocausto Brasileiro   Daniela Arbex,Holocausto+Brasileiro+Daniela+Arbex
Homem de Ferro  Virus   Alex Irvine,Homem+Ferro+Virus+Alex+Irvine
Homem Aranha   Entre Trovões (Marvel)   Christopher L,Homem+Aranha+Entre+Trovões+(Marvel)+Christopher
Horizonte   Kim Richardson,Horizonte+Richardson
How to Speak English Fluently in 1 Week[bookium],Speak+English+Fluently+Week[bookium]
HowToBuildaCareerinTech,HowToBuildaCareerinTech
Humilhados e Ofendidos   Fiodor Dostoievski,Humilhados+Ofendidos+Fiodor+Dostoievski
HUSSERL  Edmund. A Idéia da Fenomenologia,HUSSERL+Edmund.+Idéia+Fenomenologia
Identidade roubada   Chevy Stevens,Identidade+roubada+Chevy+Stevens
Ilha de Helice   Julio Verne,Ilha+Helice+Julio+Verne
ILLICH  I. Sociedade sem escolas,ILLICH+Sociedade+escolas
Implante   F. Paul Wilson,Implante+Paul+Wilson
Imposto de Renda na Bolsa   4edb 1,Imposto+Renda+Bolsa+4edb
Inferno   Max Hastings,Inferno+Hastings
Infinita   Jodi Meadows,Infinita+Jodi+Meadows
Ingles em 50 Aulas   Ben Parry Davies,Ingles+Aulas+Parry+Davies
Ingles na Ponta da Lingua   Denilso de Lima (1),Ingles+Ponta+Lingua+Denilso+Lima
Ingles Fluente 3 em 1  Fluent Leonardo,Ingles+Fluente+Fluent+Leonardo
inovacao a arte de steve jobs tivh,inovacao+arte+steve+jobs+tivh
Inquisição   O Reinado do Medo   Toby Green,Inquisição+Reinado+Medo+Toby+Green
Insonia   Stephen King,Insonia+Stephen+King
Instalação Artística   conceito e interação,Instalação+Artística+conceito+interação
Inteligencia Emocional    Daniel Goleman  PhD,Inteligencia+Emocional+Daniel+Goleman
inteligencia competitiva 1211676671279214 9,inteligencia+competitiva+1211676671279214
inteligencia emocional daniel goleman3,inteligencia+emocional+daniel+goleman3
Interpretao de Textos e Semntica para Concursos  Pedro Henrique,Interpretao+Textos+Semntica+para+Concursos+Pedro+Henrique
Interviews Questions Analysis,Interviews+Questions+Analysis
Intocavel   Randall Sullivan (2),Intocavel+Randall+Sullivan
Introduction to Algorithms,Introduction+Algorithms
Introdução a Análise Técnica,Introdução+Análise+Técnica
Introdução aos fundos de investimento Imobiliários,Introdução+fundos+investimento+Imobiliários
Investimentos inteligentes   Gustavo Cerbasi,Investimentos+inteligentes+Gustavo+Cerbasi
Investimentos  Os segredos de George Soros e Warren Buffett   Mark Tier 1,Investimentos+segredos+George+Soros+Warren+Buffett+Mark+Tier
Investindo em Ações no Longo Prazo,Investindo+Ações+Longo+Prazo
Invictus   Conquistando o Inimi   John Carlin,Invictus+Conquistando+Inimi+John+Carlin
Iscas   J. Kent Messum,Iscas+Kent+Messum
It  A coisa   Stephen King (1),coisa+Stephen+King
J. Carvalho   Xadrez sem Mestre,Carvalho+Xadrez+Mestre
Jantar secreto   Raphael Montes,Jantar+secreto+Raphael+Montes
Java EE 8 Recipes  2nd Edition,Java+Recipes+Edition
java ee 8 development eclipse 3rd,java+development+eclipse
Jogador Nº 1   Ernest Cline,Jogador+Ernest+Cline
Jogando Xadrez Com os Anjos   Fabiane Ribeiro,Jogando+Xadrez+Anjos+Fabiane+Ribeiro
Jogo Perigoso   Stephen King,Jogo+Perigoso+Stephen+King
Jogos Zumbi   Kristen Middleton,Jogos+Zumbi+Kristen+Middleton
John C Maxwell   O coraçao e a mente do lider 21790922,John+Maxwell+coraçao+mente+lider+21790922
John C. Maxwell   As 21 Indispensaveis Qualidade de um lider,John+Maxwell+Indispensaveis+Qualidade+lider
John C. Maxwell   Lider De 360º,John+Maxwell+Lider+360º
John C. Maxwell   O Sucesso de Amanha Começa Hoje,John+Maxwell+Sucesso+Amanha+Começa+Hoje
John C. Maxwell   O Sucesso Está em Você,John+Maxwell+Sucesso+Está+Você
John Sonmez Soft Skills  The software developer's life manual Manning Publications (2014),John+Sonmez+Soft+Skills+software+developer's+life+manual+Manning+Publications+(2014)
Jose de Souza Vieira Contos e faz de conta,Jose+Souza+Vieira+Contos+conta
Joyland   Stephen King,Joyland+Stephen+King
Juntos para sempre   Walcyr Carrasco,Juntos+para+sempre+Walcyr+Carrasco
Juros  moeda e ortodoxia   Andre Lara Resende,Juros+moeda+ortodoxia+Andre+Lara+Resende
K. Siva Prasad Reddy Beginning Spring Boot 2  Applications and Microservices with the Spring Framework Apress (2017),Siva+Prasad+Reddy+Beginning+Spring+Boot+Applications+Microservices+with+Spring+Framework+Apress+(2017)
KOSELLECK  R. Crítica e Crise   uma contribuição à  patogênese do mundo burguês,KOSELLECK+Crítica+Crise+contribuição+patogênese+mundo+burguês
KOSELLECK  R. Futuro Passado   constribuição à semântica dos tempos históricos.,KOSELLECK+Futuro+Passado+constribuição+semântica+tempos+históricos.
KOYRÉ  Alexandre. Do Mundo Fechado ao Universo Infinito,KOYRÉ+Alexandre.+Mundo+Fechado+Universo+Infinito
KOYRÉ  Alexandre. Galileu e Platão,KOYRÉ+Alexandre.+Galileu+Platão
KUHN  Thomas. A Estrutura das Revoluções Científicas,KUHN+Thomas.+Estrutura+Revoluções+Científicas
KÜBLER ROSS  Elisabeth. Sobre a Morte e o Morrer,KÜBLER+ROSS+Elisabeth.+Sobre+Morte+Morrer
La guerra secreta   Max Hastings,guerra+secreta+Hastings
LACAPRA  D. Emile Durkheim   sociologist and philosopher [em inglês],LACAPRA+Emile+Durkheim+sociologist+philosopher+inglês]
Lacos do Espirito   Academia de   Richelle Mead,Lacos+Espirito+Academia+Richelle+Mead
Lacrimae Rerum   Slavoj Zizek,Lacrimae+Rerum+Slavoj+Zizek
Ladroes de Sonhos   Maggie Stiefvater,Ladroes+Sonhos+Maggie+Stiefvater
LATOUR  Bruno. Ciência em Ação   Como seguir cientistas sociedade afora,LATOUR+Bruno.+Ciência+Ação+Como+seguir+cientistas+sociedade+afora
LATOUR  Bruno. Jamais Fomos Modernos,LATOUR+Bruno.+Jamais+Fomos+Modernos
LATOUR  Bruno. Políticas da Natureza   Como fazer ciência na democracia,LATOUR+Bruno.+Políticas+Natureza+Como+fazer+ciência+democracia
LATOUR  Bruno. Reassembling the Social,LATOUR+Bruno.+Reassembling+Social
LATOUR  Bruno. Reflexão Sobre o Culto Moderno dos Deuses Fe(i)tiches,LATOUR+Bruno.+Reflexão+Sobre+Culto+Moderno+Deuses+Fe(i)tiches
LATOUR  Bruno  WOOLGAR  Steve. A Vida de Laboratório,LATOUR+Bruno+WOOLGAR+Steve.+Vida+Laboratório
Laços Inseparáveis   Emily Giffin,Laços+Inseparáveis+Emily+Giffin
LE GOFF  J. Por amor as cidades   conversações com Jean Lebrun (1),GOFF+amor+cidades+conversações+Jean+Lebrun
Learning Spring Boot 2.0   Second Edition,Learning+Spring+Boot+Second+Edition
Lei do Inquilinato   Comentada Artigo por Artigo   Luiz Antonio Scavone Junior e Tatiana Bonatti Peres   2017,Inquilinato+Comentada+Artigo+Artigo+Luiz+Antonio+Scavone+Junior+Tatiana+Bonatti+Peres+2017
Lembrancas de uma noite   Ellery Trammel (1),Lembrancas+noite+Ellery+Trammel
Lenda Sombria   Christine Feehan,Lenda+Sombria+Christine+Feehan
Lenira Almeida Heck A Borboleta Azul,Lenira+Almeida+Heck+Borboleta+Azul
Lenira Almeida Heck No Reino das Letras Felizes(1),Lenira+Almeida+Heck+Reino+Letras+Felizes(1)
Lenira Almeida Heck No Reino das Letras Felizes,Lenira+Almeida+Heck+Reino+Letras+Felizes
Lenira Almeida Heck O Peixinho e o Gato,Lenira+Almeida+Heck+Peixinho+Gato
Lenira Almeida Heck O Ratinho Roi Roi,Lenira+Almeida+Heck+Ratinho
Levada ao Entardecer   C.C. Hunter,Levada+Entardecer+C.C.+Hunter
Lider Empreendedor   Dave Ramsey,Lider+Empreendedor+Dave+Ramsey
Lido Mindset    A Atitude  Mental  para  o  Sucesso,Lido+Mindset+Atitude+Mental+para+Sucesso
Lincoln   Doris Kearns Goodwin,Lincoln+Doris+Kearns+Goodwin
LIPOVETSKY  Gilles. A era do vazio,LIPOVETSKY+Gilles.+vazio
LIPOVETSKY  Gilles. Os Tempos Hipermodernos,LIPOVETSKY+Gilles.+Tempos+Hipermodernos
Lirio azul   Maggie Stiefvater,Lirio+azul+Maggie+Stiefvater
LIVRO   PRODUTIVIDADE PARA QUEM QUER TEMPO   GERONIMO THEML,LIVRO+PRODUTIVIDADE+PARA+QUEM+QUER+TEMPO+GERONIMO+THEML
Livro A Politica   Aristoteles,Livro+Politica+Aristoteles
LIVRO BALAS BOMBONS E CARAMELOS,LIVRO+BALAS+BOMBONS+CARAMELOS
LIVRO BRUNA E A GALINHA D ANGOLA,LIVRO+BRUNA+GALINHA+ANGOLA
LIVRO CONTANDO COM O RELOGIO(1),LIVRO+CONTANDO+RELOGIO(1)
LIVRO CONTANDO COM O RELOGIO,LIVRO+CONTANDO+RELOGIO
livro Cores aromas e sabores (1),livro+Cores+aromas+sabores
livro Cores aromas e sabores,livro+Cores+aromas+sabores
Livro de Receitas A,Livro+Receitas
LIVRO MARIA VAI COM AS OUTRAS.enc,LIVRO+MARIA+OUTRAS.enc
LIVRO VIVIANA A RAINHA DO PIJAMA,LIVRO+VIVIANA+RAINHA+PIJAMA
LIVRO CABE NA MALA 2,LIVRO+CABE+MALA
livro umahistriadepscoa anamariamachado 170414152520,livro+umahistriadepscoa+anamariamachado+170414152520
livro receitas docinhos,livro+receitas+docinhos
livro receitas tradicionais,livro+receitas+tradicionais
Lobos de Calla   Stephen King,Lobos+Calla+Stephen+King
Lolita   Vladimir Nabokov,Lolita+Vladimir+Nabokov
Longman English Grammar,Longman+English+Grammar
LOUSADA  F. Dicionário Hieroglifo Português,LOUSADA+Dicionário+Hieroglifo+Português
Love   A Historia De Lisey   Stephen King,Love+Historia+Lisey+Stephen+King
Lugar Nenhum   Neil Gaiman,Lugar+Nenhum+Neil+Gaiman
Lugares Escuros   Gillian Flynn (1),Lugares+Escuros+Gillian+Flynn
Luiz Fernando Ayerbe   A Revolução Cubana (2004  Unesp),Luiz+Fernando+Ayerbe+Revolução+Cubana+(2004+Unesp)
LUMINOTECNICO,LUMINOTECNICO
LÉVINAS  E. Entre nós   ensaios sobre a alteridade,LÉVINAS+Entre+ensaios+sobre+alteridade
LÉVY  Pierre. As Tecnologias da Inteligência,LÉVY+Pierre.+Tecnologias+Inteligência
LÉVY  Pierre. Cibercultura,LÉVY+Pierre.+Cibercultura
LÉVY  Pierre. O Que é o Virtual,LÉVY+Pierre.+Virtual
M. S. Cortella   Por que fazemos o que fazemos,Cortella+fazemos+fazemos
Mago e Vidro   Stephen King,Mago+Vidro+Stephen+King
Maigret Sai em Viagem   Georges Simenon,Maigret+Viagem+Georges+Simenon
Mais Dinheiro   Gustavo Cerbasi,Mais+Dinheiro+Gustavo+Cerbasi
Mais Escuro   E L James,Mais+Escuro+James
Mais Esperto que o Diabo   Napoleon Hill,Mais+Esperto+Diabo+Napoleon+Hill
Mais Rapido e Melhor   Charles Duhigg,Mais+Rapido+Melhor+Charles+Duhigg
Make It Stick   Peter C Brown,Make+Stick+Peter+Brown
MALERBA  J. O Brasil Imperial (1),MALERBA+Brasil+Imperial
Mallanaga Vatsyayana   Kama Sutra,Mallanaga+Vatsyayana+Kama+Sutra
Mamma Mia   Daniel Couri,Mamma+Daniel+Couri
Managing Humans  Biting and Humorous Tales of a Software Engineering Manager ( PDFDrive.com ),Managing+Humans+Biting+Humorous+Tales+Software+Engineering+Manager+PDFDrive.com
MANN  Thomas. A Montanha Mágica,MANN+Thomas.+Montanha+Mágica
Manual da Psicologia Organizacional   CRP 08,Manual+Psicologia+Organizacional
Manual de persuasao do FBI   Jack Shafer,Manual+persuasao+Jack+Shafer
Manual do CEO   Josh Kaufman,Manual+Josh+Kaufman
Manual de Xadrez DFE 2018,Manual+Xadrez+2018
Manuel Pinto A menina que queria a lua,Manuel+Pinto+menina+queria
Mar da Tranquilidade   Katja Millay,Tranquilidade+Katja+Millay
Marcados para sempre   Helena Hunting,Marcados+para+sempre+Helena+Hunting
Marcelo Marmelo Martelo   Ruth Rocha,Marcelo+Marmelo+Martelo+Ruth+Rocha
Marco Antonio Villa   Collor Presidente,Marco+Antonio+Villa+Collor+Presidente
Mares de Sangue   Aventuras Fan   Ian Livingstone,Mares+Sangue+Aventuras+Livingstone
MARIDO RICO,MARIDO+RICO
Mario Novello   Máquina do Tempo   Um Olhar Científico,Mario+Novello+Máquina+Tempo+Olhar+Científico
Marley   Eu   John Grogan,Marley+John+Grogan
MARX  Karl  ENGELS  Friedrich   Manifesto Comunista,MARX+Karl+ENGELS+Friedrich+Manifesto+Comunista
Mastering TypeScript (2017),Mastering+TypeScript+(2017)
Matematica Lúdica   Leon Battista Alberti,Matematica+Lúdica+Leon+Battista+Alberti
Matrix   Bem vindo ao Deserto do Real   William Irwin,Matrix+vindo+Deserto+Real+William+Irwin
Matéria e Pensamento   Jean Pierre Changeux e Alain Connes,Matéria+Pensamento+Jean+Pierre+Changeux+Alain+Connes
Matéria Escura   Blake Crouch,Matéria+Escura+Blake+Crouch
Mauricio   A História Que Não Está no Gibi   Mauricio de Sousa,Mauricio+História+Está+Gibi+Mauricio+Sousa
Me Chame Pelo Seu Nome   Andre Aciman (1),Chame+Pelo+Nome+Andre+Aciman
Me Chame Pelo Seu Nome   Andre Aciman,Chame+Pelo+Nome+Andre+Aciman
Me Poupe!   Nathalia Arcuri,Poupe!+Nathalia+Arcuri
Meio Sol Amarelo   Chimamanda Ngozi Adichie,Meio+Amarelo+Chimamanda+Ngozi+Adichie
Memorias de um Exorcista   Padre Gabriele Amorth,Memorias+Exorcista+Padre+Gabriele+Amorth
Memorias de um Vendedor de Mulh   Giorgio Faletti,Memorias+Vendedor+Mulh+Giorgio+Faletti
Menina bonita do laço de fita,Menina+bonita+laço+fita
Meninos de Ouro   Daniel James Brown,Meninos+Ouro+Daniel+James+Brown
Mentes Brilhantes   Alberto Del Isola,Mentes+Brilhantes+Alberto+Isola
Mentiram para mim sobre o desar   Flavio Quintela,Mentiram+para+sobre+desar+Flavio+Quintela
MERLEAU PONTY  M. Conversas,MERLEAU+PONTY+Conversas
MERLEAU PONTY  M. Fenomenologia da Percepção,MERLEAU+PONTY+Fenomenologia+Percepção
MERLEAU PONTY  M. Signos,MERLEAU+PONTY+Signos
Meu Amigo quer Saber,Amigo+quer+Saber
Meu Nome e Memoria   Ann Brashares (2),Nome+Memoria+Brashares
Michael Feathers Working Effectively with Legacy Code Prentice Hall (2004),Michael+Feathers+Working+Effectively+with+Legacy+Code+Prentice+Hall+(2004)
Michael Foucault   Ditos e Escritos III   Estética  Literatura e Pintura  Música e Cinema1,Michael+Foucault+Ditos+Escritos+Estética+Literatura+Pintura+Música+Cinema1
Michel de Certeau   A invenção do cotidiano   Artes de fazer,Michel+Certeau+invenção+cotidiano+Artes+fazer
Miguel Strogoff   Julio Verne,Miguel+Strogoff+Julio+Verne
Mindset   A Nova Psicologia do Sucesso   Carol Dweck,Mindset+Nova+Psicologia+Sucesso+Carol+Dweck
Mindset  A nova psicologia do sucesso   Carol Dweck (1),Mindset+nova+psicologia+sucesso+Carol+Dweck
Minha Breve Historia   Stephen Hawking,Minha+Breve+Historia+Stephen+Hawking
Minha Metade Silenciosa   Andrew Smith,Minha+Metade+Silenciosa+Andrew+Smith
miriam cremonese chapeuzinho vermelho e o bafo do lobo,miriam+cremonese+chapeuzinho+vermelho+bafo+lobo
Mirian Goldenberg   Coroas  Corpo  Envelhecimento  Casamento e Infidelidade,Mirian+Goldenberg+Coroas+Corpo+Envelhecimento+Casamento+Infidelidade
Misery  louca obsessao   Stephen King,Misery+louca+obsessao+Stephen+King
Monstros a luz do dia   Sarah Dalton,Monstros+Sarah+Dalton
Monteiro Lobato   A chave do tamanho,Monteiro+Lobato+chave+tamanho
Monteiro Lobato   A Reforma da Natura,Monteiro+Lobato+Reforma+Natura
Monteiro Lobato   As aventuras de Hans Soller,Monteiro+Lobato+aventuras+Hans+Soller
Monteiro Lobato   As aventuras do Principe,Monteiro+Lobato+aventuras+Principe
Monteiro Lobato   Caçadas de Pedrinho,Monteiro+Lobato+Caçadas+Pedrinho
Monteiro Lobato   Fábulas,Monteiro+Lobato+Fábulas
Monteiro Lobato   Gato Félix,Monteiro+Lobato+Gato+Félix
Monteiro Lobato   Narizinho Arrebitado,Monteiro+Lobato+Narizinho+Arrebitado
Monteiro Lobato   O macaco que se fez homem,Monteiro+Lobato+macaco+homem
Monteiro Lobato   O Marquês de Rabicó,Monteiro+Lobato+Marquês+Rabicó
Monteiro Lobato   O Pica Pau Amarelo,Monteiro+Lobato+Pica+Amarelo
MORAES  M. (org). História oral   desafios para o século XXI.,MORAES+(org).+História+oral+desafios+para+século+XXI.
MORIN  Edgar. A cabeça bem feita,MORIN+Edgar.+cabeça+feita
MORIN  Edgar. Amor  poesia  sabedoria,MORIN+Edgar.+Amor+poesia+sabedoria
MORIN  Edgar. Ciência com Consciência,MORIN+Edgar.+Ciência+Consciência
MORIN  Edgar. Educar na Era Planetária,MORIN+Edgar.+Educar+Planetária
MORIN  Edgar. O Método I   A Natureza da Natureza,MORIN+Edgar.+Método+Natureza+Natureza
MORIN  Edgar. Os sete saberes necessários à educação do futuro,MORIN+Edgar.+sete+saberes+necessários+educação+futuro
MORO,MORO
Morra Por Mim   Amy Plum,Morra+Plum
Morte em Terra Estrangeira   Donna Leon,Morte+Terra+Estrangeira+Donna+Leon
Morte Na Lua de Mel   Jaden Skye,Morte+Jaden+Skye
Morte no buraco negro  E outros   Neil deGrasse Tyson,Morte+buraco+negro+outros+Neil+deGrasse+Tyson
Morte Súbita   J. K. Rowling,Morte+Súbita+Rowling
Mulheres   Charles Bukowski,Mulheres+Charles+Bukowski
Mundo de Tinta   Contos   Cornelia Funke,Mundo+Tinta+Contos+Cornelia+Funke
Mundos Paralelos   Michio Kaku,Mundos+Paralelos+Michio+Kaku
Murphy R. English Grammar in Use. 2012 4 ed.,Murphy+English+Grammar+Use.+2012
Murphy English Grammar in Use with Answers 3edition HQ[1],Murphy+English+Grammar+with+Answers+3edition+HQ[1]
Namoro Blindado ,Namoro+Blindado
NANDA I 2018 2020,NANDA+2018+2020
Nao Entre em Panico   Neil Gaiman,Entre+Panico+Neil+Gaiman
Napoleao   Uma Biografia Literaria   Alexandre Dumas,Napoleao+Biografia+Literaria+Alexandre+Dumas
Nascida a Meia Noite   C.C. Hunter,Nascida+Meia+Noite+C.C.+Hunter
NIANE  T. (ed). História geral da África  vol. IV,NIANE+(ed).+História+geral+África+vol.
Nietzsche e Para Alem de Bem e    Oswaldo Giacoia Junior,Nietzsche+Para+Alem+Oswaldo+Giacoia+Junior
Nietzsche em 90 Minutos   Paul Strathern,Nietzsche+Minutos+Paul+Strathern
Nietzsche para estressados   Allan Percy,Nietzsche+para+estressados+Allan+Percy
NIKITIUK  Sônia L. (org). Repensando o ensino de história (1),NIKITIUK+Sônia+(org).+Repensando+ensino+história
ninguem é igual a ninguem,ninguem+igual+ninguem
Nos Bastidores Da Amazon   Richard L. Brandt,Bastidores+Amazon+Richard+Brandt
Novissima Gramatica da Língua Portuguesa   Cegalla,Novissima+Gramatica+Língua+Portuguesa+Cegalla
Nunca fui Santo   Mauro Beting,Nunca+Santo+Mauro+Beting
O bichinho da maça,bichinho+maça
O bisavo e a dentadura,bisavo+dentadura
O Brasil Antes dos Brasileiros   Andre Prous,Brasil+Antes+Brasileiros+Andre+Prous
O Cair da Noite   Isaac Asimov e Robert Silverberg,Cair+Noite+Isaac+Asimov+Robert+Silverberg
O Capital de Marx   Uma Biografia   Francis Wheen,Capital+Marx+Biografia+Francis+Wheen
O Capital no Seculo XXI   Thomas Piketty (1),Capital+Seculo+Thomas+Piketty
O Cerebro de Alta Performance   Luiz Fernando Garcia,Cerebro+Alta+Performance+Luiz+Fernando+Garcia
O Cerebro de Buda   Rick Hanson,Cerebro+Buda+Rick+Hanson
O Chefe,Chefe
O Cortico   Aluisio Azevedo,Cortico+Aluisio+Azevedo
O cérebro de alta performance,cérebro+alta+performance
O Desafio Mental de 10 Dias    Anthony Robbins,Desafio+Mental+Dias+Anthony+Robbins
O diario de Guantanamo   Mohamedou Ould Slahi,diario+Guantanamo+Mohamedou+Ould+Slahi
O DOMADOR DE MONSTROS,DOMADOR+MONSTROS
O Efeito Facebook   David Kirkpatrick,Efeito+Facebook+David+Kirkpatrick
O Estilo Emocional do Cerebro     Richard J. Davidson,Estilo+Emocional+Cerebro+Richard+Davidson
O fim da pobreza   Jeffrey D. Sachs,pobreza+Jeffrey+Sachs
O Futuro da Mente   Michio Kaku,Futuro+Mente+Michio+Kaku
O Gene Egoista   Richard Dawkins,Gene+Egoista+Richard+Dawkins
O Genio do Crime   Joao Carlos Marinho,Genio+Crime+Joao+Carlos+Marinho
O Grande Livro das Coisas Horríveis   Matthew White,Grande+Livro+Coisas+Horríveis+Matthew+White
O Homem Mais Rico da Babilonia   George S. Clason,Homem+Mais+Rico+Babilonia+George+Clason
O homem que amava caixas,homem+amava+caixas
O Homem que Matou Getulio Varga   Jo Soares,Homem+Matou+Getulio+Varga+Soares
O Hóspede de Drácula   Bram Stoker,Hóspede+Drácula+Bram+Stoker
O Investidor Inteligente   Benjamin Graham,Investidor+Inteligente+Benjamin+Graham
O JEITO PETER LYNCH DE INVESTIR   COMO UTI   PETER LYNCH%3b JOHN ROTHCHILD 1,JEITO+PETER+LYNCH+INVESTIR+COMO+PETER+LYNCH%3b+JOHN+ROTHCHILD
O Jogo Interior de Tênis,Jogo+Interior+Tênis
O LEÃO SEM JUBA,LEÃO+JUBA
O Livro do Destino   Brad Meltzer,Livro+Destino+Brad+Meltzer
O Livro dos Insultos   H. L,Livro+Insultos
O livro negro do empreendedor   Fernando Trías de Bes,livro+negro+empreendedor+Fernando+Trías
O livro que lia livros,livro+livros
O LOBO DA ESTEPE   HERMANN HESSE 1,LOBO+ESTEPE+HERMANN+HESSE
O Maniaco Do Circo   E o Menino que tinha Medo de Palhacos   Leonardo Barros,Maniaco+Circo+Menino+tinha+Medo+Palhacos+Leonardo+Barros
O milagre da manha   Hal Elrod,milagre+manha+Elrod
O Mundo Assombrado Pelos Demônios   Carl Sagan,Mundo+Assombrado+Pelos+Demônios+Carl+Sagan
O Mundo Muçulmano  Peter Demant,Mundo+Muçulmano+Peter+Demant
O Par Perfeito   Nora Roberts,Perfeito+Nora+Roberts
O patinho feio,patinho+feio
O Pequeno Príncipe   Antoine de Saint Exupéry (1),Pequeno+Príncipe+Antoine+Saint+Exupéry
O Pior Aluno da Escola – Manual completo  ilustrado  revisado e não recomendado para estudantes – Danilo Gentili,Pior+Aluno+Escola+Manual+completo+ilustrado+revisado+recomendado+para+estudantes+Danilo+Gentili
O Pistoleiro   Stephen King,Pistoleiro+Stephen+King
O Poder do Habito   Charles Duhigg,Poder+Habito+Charles+Duhigg
O poder do Hábito,poder+Hábito
O Poder do Subconsciente   Joseph Murphy,Poder+Subconsciente+Joseph+Murphy
O Poço do Visconde   Monteiro Lobato,Poço+Visconde+Monteiro+Lobato
O Principe   Nicolau Maquiavel,Principe+Nicolau+Maquiavel
O Problema dos Três Corpos   Cixin Liu,Problema+Três+Corpos+Cixin
O Que a Vida me Ensinou   Mario Sergio Cortella,Vida+Ensinou+Mario+Sergio+Cortella
O Que Einstein Disse ao seu Coz   Robert L. Wolke,Einstein+Disse+Robert+Wolke
O Que o Governo Fez com o Nosso   Murray N. Rothbard,Governo+Nosso+Murray+Rothbard
O que realmente importa    Anderson Cavalcante,realmente+importa+Anderson+Cavalcante
O reizinho da casa  Manual para   Gustavo Teixeira,reizinho+casa+Manual+para+Gustavo+Teixeira
O Restaurante no Fim do Universo   Douglas Adams,Restaurante+Universo+Douglas+Adams
O SANDUICHE DA MARICOTA,SANDUICHE+MARICOTA
O Segredo   Rhonda Byrne,Segredo+Rhonda+Byrne
O SEGREDO DO REI,SEGREDO
O Silencio Dos Inocentes   Thomas Harris,Silencio+Inocentes+Thomas+Harris
O Sol e Para Todos   Harper Lee,Para+Todos+Harper
O Sucesso e ser Feliz   Roberto Shinyashiki,Sucesso+Feliz+Roberto+Shinyashiki
O Teatro do Bem e do Mal   Eduardo Galeano,Teatro+Eduardo+Galeano
O Tesouro das Citações    Jim Rohn,Tesouro+Citações+Rohn
O Timido Empreendedor Rafael Sigurdson,Timido+Empreendedor+Rafael+Sigurdson
O Triangulo Das Bermudas   Charles Berlitz,Triangulo+Bermudas+Charles+Berlitz
O Vendedor de Sonhos   O Chamado,Vendedor+Sonhos+Chamado
O Vento pela Fechadura   Stephen King,Vento+pela+Fechadura+Stephen+King
O Chefe O Livro Proibido Sobre Lula Ivo Patarra,Chefe+Livro+Proibido+Sobre+Lula+Patarra
O Diario de Anne Frank,Diario+Anne+Frank
o diario de um mago paulo coelho,diario+mago+paulo+coelho
o guia do mochileiro das galaxias,guia+mochileiro+galaxias
o homem mais rico da babilonia george s clason 1,homem+mais+rico+babilonia+george+clason
O reizinho mandao ruth rocha,reizinho+mandao+ruth+rocha
o sucesso nao ocorre por acaso lair ribeiro,sucesso+ocorre+acaso+lair+ribeiro
olivroquequeriaserbrinquedo 140916150006 phpapp02(1),olivroquequeriaserbrinquedo+140916150006+phpapp02(1)
omeninoqueaprendeualer,omeninoqueaprendeualer
On the Origins of Money 5,Origins+Money
Onde Nascem Os Genios   Eric Weiner,Onde+Nascem+Genios+Eric+Weiner
Onde os Homens Conquistam a Glória   Jon Krakauer,Onde+Homens+Conquistam+Glória+Krakauer
Onde os Velhos Nao Tem Vez   Cormac Mccarthy,Onde+Velhos+Cormac+Mccarthy
oreilly data analysis with open source tools nov 2010,oreilly+data+analysis+with+open+source+tools+2010
Origens   Neil deGrasse Tyson,Origens+Neil+deGrasse+Tyson
Os 13 porques   Jay Asher,porques+Asher
Os Americanos   Antônio Pedro Tota,Americanos+Antônio+Pedro+Tota
Os Arquivos Snowden   Luke Harding,Arquivos+Snowden+Luke+Harding
Os Bastidores do Wikileaks   Daniel Domscheit Berg,Bastidores+Wikileaks+Daniel+Domscheit+Berg
Os Chineses   Cláudia TREVISAN,Chineses+Cláudia+TREVISAN
Os Doze Trabalhos de Hércules   Monteiro Lobato,Doze+Trabalhos+Hércules+Monteiro+Lobato
Os Espanhóis  Josep M. Buades,Espanhóis+Josep+Buades
Os Fuzis e as Flechas   Rubens Valente,Fuzis+Flechas+Rubens+Valente
Os Garotos Corvos   Maggie Stiefvater,Garotos+Corvos+Maggie+Stiefvater
Os Indianos  Florencia Costa,Indianos+Florencia+Costa
Os Inovadores   Uma Biografia da Revolução Digital    Walter Isaacson,Inovadores+Biografia+Revolução+Digital+Walter+Isaacson
Os Iranianos   SAMY ADGHIRNI,Iranianos+SAMY+ADGHIRNI
Os Italianos  João Fábio Bertonha,Italianos+João+Fábio+Bertonha
Os Japoneses   Celia Sakurai,Japoneses+Celia+Sakurai
OS MAIORES CRIMES DE TODOS OS T   Izabelle Valadares,MAIORES+CRIMES+TODOS+Izabelle+Valadares
Os Navegadores do Seculo XVIII   Julio Verne,Navegadores+Seculo+XVIII+Julio+Verne
OS PENSADORES   Vol. 46 (1999). Wittgenstein,PENSADORES+Vol.+(1999).+Wittgenstein
OS PENSADORES   Vol. 48 3 (1996). Adorno,PENSADORES+Vol.+(1996).+Adorno
Os Portugueses   Ana Silvia Scott,Portugueses+Silvia+Scott
Os Russos   Angelo SEGRILLO,Russos+Angelo+SEGRILLO
Os Segredos Da Mente Milionaria   Eker T Harv,Segredos+Mente+Milionaria+Eker+Harv
Os segredos da mente milionaria   T. Harv Eker (1),segredos+mente+milionaria+Harv+Eker
Os Sertões   Euclides da Cunha,Sertões+Euclides+Cunha
Os Simpsons e a Ciencia  O que   Paul Halpern,Simpsons+Ciencia+Paul+Halpern
o metodo comstop ,metodo+comstop
O Passaro sem cor para site,Passaro+para+site
Pablo Escobar   Juan Pablo Escobar,Pablo+Escobar+Juan+Pablo+Escobar
Pai Rico Pai pobre,Rico+pobre
Pai Rico  Pai Pobre   Robert T. Kiyosaki,Rico+Pobre+Robert+Kiyosaki
Patterns of Enterprise Application Architecture   Martin Fowler,Patterns+Enterprise+Application+Architecture+Martin+Fowler
Paulo Coelho   O Alquimista,Paulo+Coelho+Alquimista
peixe que brilha,peixe+brilha
Pense Como um Freak  Como Pensa   Steven D. Levitt,Pense+Como+Freak+Como+Pensa+Steven+Levitt
Pense e Enriqueca   Napoleon Hill,Pense+Enriqueca+Napoleon+Hill
Peter Banker   Neymar O Sonho Brasileiro,Peter+Banker+Neymar+Sonho+Brasileiro
Peter Pan   Monteiro Lobato,Peter+Monteiro+Lobato
Phoenix Rockstar  Biker Rockstar Series ,Phoenix+Rockstar+Biker+Rockstar+Series
PIAGET  Jean. O Estruturalismo,PIAGET+Jean.+Estruturalismo
PIAGET  Jean. Sabedoria e Ilusões da Filosofia,PIAGET+Jean.+Sabedoria+Ilusões+Filosofia
PINSKY  C. Estudos de gênero e história social,PINSKY+Estudos+gênero+história+social
Pipo Fifi,Pipo+Fifi
planning and managing your work based project,planning+managing+your+work+based+project
PNL Programacao Neurolinguistic   Steve Andreas,Programacao+Neurolinguistic+Steve+Andreas
POCOCK  J. Introd.  O conceito de linguagem e o métier d historlen  Virtudes  direitos e maneiras  In Linguagens do Ideário Político. SP Edusp  2003. p. 9  99,POCOCK+Introd.+conceito+linguagem+métier+historlen+Virtudes+direitos+maneiras+Linguagens+Ideário+Político.+Edusp+2003.
Pode Quem Pensa Que Pode   Lauro Trevisan,Pode+Quem+Pensa+Pode+Lauro+Trevisan
POE  Edgar Allan. A queda da casa de Usher (1),Edgar+Allan.+queda+casa+Usher
Poker   A Essencia do Texas Hol   Carlos Mavca,Poker+Essencia+Texas+Carlos+Mavca
Politica para nao ser idiota   Mario Sergio Cortella,Politica+para+idiota+Mario+Sergio+Cortella
POPPER  Karl. A Lógica da Pesquisa Científica,POPPER+Karl.+Lógica+Pesquisa+Científica
POPPER  Karl. A Miséria do Historicismo,POPPER+Karl.+Miséria+Historicismo
POPPER  Karl. Lógica das Ciências Sociais,POPPER+Karl.+Lógica+Ciências+Sociais
Por Que a Evolução é Uma Verdade   Jerry A,Evolução+Verdade+Jerry
Por Que as Pessoas Acreditam em Coisas Estranhas   Michael Shermer,Pessoas+Acreditam+Coisas+Estranhas+Michael+Shermer
Por Que Fazemos O Que Fazemos    Mario Sergio Cortella (2),Fazemos+Fazemos+Mario+Sergio+Cortella
Por que o Brasil e um Pais Atrasado   Luiz Philippe de Orleans e Brag,Brasil+Pais+Atrasado+Luiz+Philippe+Orleans+Brag
Porque Não Sou Cristão   Bertrand Russell,Porque+Cristão+Bertrand+Russell
Praticamente Inofensiva   Douglas Adams,Praticamente+Inofensiva+Douglas+Adams
Prato Sujo   Como a Indústria Manipula os Alimentos para Viciar Você   Marcia Kedouk,Prato+Sujo+Como+Indústria+Manipula+Alimentos+para+Viciar+Você+Marcia+Kedouk
Precisamos Falar Sobre o Kevin   Lionel Shriver,Precisamos+Falar+Sobre+Kevin+Lionel+Shriver
Preview Hibernate Tips More than 70 solutions to common Hibernate problems,Preview+Hibernate+Tips+More+than+solutions+common+Hibernate+problems
Privatize Ja   Rodrigo Constantino,Privatize+Rodrigo+Constantino
Pro JPA 2 in Java EE 8  3rd Edition,Java+Edition
Problem Solving in Data Structures & Algorithms Using Java,Problem+Solving+Data+Structures+Algorithms+Using+Java
Procedimento Operacional Padrão   Philip Gourevitch,Procedimento+Operacional+Padrão+Philip+Gourevitch
Product Leadership  How Top Product Managers Launch Awesome Products and Build Successful Teams ( PDFDrive.com ),Product+Leadership+Product+Managers+Launch+Awesome+Products+Build+Successful+Teams+PDFDrive.com
Produtividade Para Quem Quer Te   Geronimo Theml 1 watermark,Produtividade+Para+Quem+Quer+Geronimo+Theml+watermark
Produtividade Para Quem Quer Te   Geronimo Theml,Produtividade+Para+Quem+Quer+Geronimo+Theml
Programming Pearls (Second Edition Jon Bentley),Programming+Pearls+(Second+Edition+Bentley)
Projeto Pedagógico Tem Bicho no Circo,Projeto+Pedagógico+Bicho+Circo
Prosperidade    Dr. Lair Ribeiro  ,Prosperidade+Lair+Ribeiro
Prosperidade   Fazendo Amizade Com O Dinhe   Lair Ribeiro,Prosperidade+Fazendo+Amizade+Dinhe+Lair+Ribeiro
Prosperidade sem Crescimento   Tim Jackson,Prosperidade+Crescimento+Jackson
PSICOLOGIA E COMPORTAMENTO ORGANIZACIONAL   Webaula Fanese,PSICOLOGIA+COMPORTAMENTO+ORGANIZACIONAL+Webaula+Fanese
Psicologia Jurídica   Textos 1 e 2,Psicologia+Jurídica+Textos
Psicologia Organizações e Trabalho no Brasil    Antonio Virgílio Bittencourt Bastos  Jairo Eduardo Borges Andrade e José Carlos Zanelli,Psicologia+Organizações+Trabalho+Brasil+Antonio+Virgílio+Bittencourt+Bastos+Jairo+Eduardo+Borges+Andrade+José+Carlos+Zanelli
Psicologia Positiva Para Dummies   Averil Leimon,Psicologia+Positiva+Para+Dummies+Averil+Leimon
Put some farofa   Gregorio Duvivier,some+farofa+Gregorio+Duvivier
python for everybody exploring datas,python+everybody+exploring+datas
quando me sinto triste,quando+sinto+triste
quandomesinto assustado,quandomesinto+assustado
quandomesinto zangado ,quandomesinto+zangado
Quebrando o Codigo Da Vinci   Darrell L,Quebrando+Codigo+Vinci+Darrell
Quem e voce  Alasca   John Green,Quem+voce+Alasca+John+Green
Quem Mexeu no Meu Queijo    Spencer Johnson,Quem+Mexeu+Queijo+Spencer+Johnson
Quem tem medo do ridículo ,Quem+medo+ridículo
quiet the power of introverts in a world that cant stop talking susan cain,quiet+power+introverts+world+that+cant+stop+talking+susan+cain
Rapido e devagar  Duas formas d   Daniel Kahneman,Rapido+devagar+Duas+formas+Daniel+Kahneman
RAWLS  J. A Theory of Justice,RAWLS+Theory+Justice
RAWLS  J. Justiça e Democracia,RAWLS+Justiça+Democracia
RAWLS  J. Uma Teoria da Justiça,RAWLS+Teoria+Justiça
RAWLS  John. Liberalismo Político,RAWLS+John.+Liberalismo+Político
RD   Ice Planet Barbarians 02   Barbarian Alien ,Planet+Barbarians+Barbarian+Alien
RD   Ice Planet Barbarians 03   Barbarian Lover,Planet+Barbarians+Barbarian+Lover
RD   Ice Planet Barbarians 05   Vera,Planet+Barbarians+Vera
RD   Ice Planet Barbarians 09   Ice Ice Babies ,Planet+Barbarians+Babies
RD   Ice Planet Barbarians 11   Calm.en,Planet+Barbarians+Calm.en
RD   Ice Planet Barbarians 13   After Shocks ,Planet+Barbarians+After+Shocks
Redação   A dissertação argumentativa,Redação+dissertação+argumentativa
Refactoring improving the design of existing code,Refactoring+improving+design+existing+code
Referencial basico de gestao de riscos WEB,Referencial+basico+gestao+riscos
Regime de previdência  é hora de migrar   O guia definitivo para o servidor público federal sobre vantagens e desvantagens da migração para o regime d nodrm,Regime+previdência+hora+migrar+guia+definitivo+para+servidor+público+federal+sobre+vantagens+desvantagens+migração+para+regime+nodrm
Reinações de Narizinho   Monteiro Lobato,Reinações+Narizinho+Monteiro+Lobato
REIS FILHO  Aarão (org.). Versões e ficções   o sequestro da história,REIS+FILHO+Aarão+(org.).+Versões+ficções+sequestro+história
REIS FILHO  D. As revoluções Russas,REIS+FILHO+revoluções+Russas
REIS FILHO  Daniel Aarão  GASPARI  Elio  BENJAMIN  César. Versões e Ficções   O Seqüestro da História,REIS+FILHO+Daniel+Aarão+GASPARI+Elio+BENJAMIN+César.+Versões+Ficções+Seqüestro+História
Relatorio Raio X Investidor PT,Relatorio+Raio+Investidor
Resenha de A invenção do cotidiano.PDF,Resenha+invenção+cotidiano.PDF
Resgatado   John Bevere,Resgatado+John+Bevere
Retiro macabro,Retiro+macabro
Revista Artes e Ensaios da UFRJ   Dossiê Aby Warburg,Revista+Artes+Ensaios+UFRJ+Dossiê+Warburg
Richard Dawkins   Deus  um Delírio (COMPLETO),Richard+Dawkins+Deus+Delírio+(COMPLETO)
RICOEUR  P. A Metáfora Viva,RICOEUR+Metáfora+Viva
RICOEUR  P. Autobiografia Intelectual [em espanhol],RICOEUR+Autobiografia+Intelectual+espanhol]
RICOEUR  P. Hermeneutica e estruturalismo,RICOEUR+Hermeneutica+estruturalismo
RICOEUR  P. Interpretação e Ideologias.,RICOEUR+Interpretação+Ideologias.
RICOEUR  P. Percurso do reconhecimento,RICOEUR+Percurso+reconhecimento
RICOEUR  P. Tempo e Narrativa  tomo I,RICOEUR+Tempo+Narrativa+tomo
Riqueza das Nacoes   P.J. O Rourke,Riqueza+Nacoes+P.J.+Rourke
RUSSELL  B. A autoridade e o indivíduo,RUSSELL+autoridade+indivíduo
RUSSELL  B. Introdução à Filosofia Matemática,RUSSELL+Introdução+Filosofia+Matemática
RUSSELL  B. Os Problemas da Filosofia,RUSSELL+Problemas+Filosofia
RUSSELL  B. Por Que Não Sou Cristão,RUSSELL+Cristão
ruth rocha,ruth+rocha
Saiba Mais Sobre   57   Steve Jobs,Saiba+Mais+Sobre+Steve+Jobs
SAID  E. Orientalismo,SAID+Orientalismo
Salem   Stephen King,Salem+Stephen+King
Sanduíches para Todas as Ocasiões,Sanduíches+para+Todas+Ocasiões
Sapiens   Uma Breve História da Humanidade   Yuval Noah Harari,Sapiens+Breve+História+Humanidade+Yuval+Noah+Harari
SARTRE  J P. A náusea,SARTRE+náusea
SARTRE  J P. Entre quatro paredes,SARTRE+Entre+quatro+paredes
SARTRE  J P. Esboço Para uma Teoria das Emoções,SARTRE+Esboço+Para+Teoria+Emoções
SARTRE  J P. O Imaginário,SARTRE+Imaginário
SARTRE  J P. Os Caminhos da Liberdade [vol.II]   Pena Suspensa,SARTRE+Caminhos+Liberdade+[vol.II]+Pena+Suspensa
SARTRE  J P. Que é a Literatura,SARTRE+Literatura
SCOTT  Joan. A invisibilidade da diferença.PDF,SCOTT+Joan.+invisibilidade+diferença.PDF
SCOTT  Joan. Gênero   uma categoria útil para análise histórica,SCOTT+Joan.+Gênero+categoria+útil+para+análise+histórica
Scrum   a arte de fazer o dobro   Jeff Sutherland,Scrum+arte+fazer+dobro+Jeff+Sutherland
Sedlmayer   O pensamento crítico de Giorgio Agamben e sua contribuição para os estudos literários,Sedlmayer+pensamento+crítico+Giorgio+Agamben+contribuição+para+estudos+literários
Segredos de Salomao,Segredos+Salomao
Segredos do Conclave   Gerson Camarotti,Segredos+Conclave+Gerson+Camarotti
SEJA FODA!   Caio Carneiro (Livro Completo),SEJA+FODA!+Caio+Carneiro+(Livro+Completo)
Seja Foda!   Caio Carneiro,Seja+Foda!+Caio+Carneiro
Sem lugar Para se Esconder   Glenn Greenwald,lugar+Para+Esconder+Glenn+Greenwald
Sem Pudor (Sem vergonha)   Julianna Costa,Pudor+(Sem+vergonha)+Julianna+Costa
Sempre em Movimento   Oliver Sacks,Sempre+Movimento+Oliver+Sacks
SENNETT  R. O corpo e a cidade na civilizacao ocidental,SENNETT+corpo+cidade+civilizacao+ocidental
SENNETT  Richard. A Cultura Do Novo Capitalismo,SENNETT+Richard.+Cultura+Novo+Capitalismo
Sera que Deus joga dados   Ian Stewart,Sera+Deus+joga+dados+Stewart
Sergio Moro   Joice Hasselmann,Sergio+Moro+Joice+Hasselmann
SERRES  Michel. Diálogo sobre a ciência  a cultura e o tempo conversas com Bruno Latour,SERRES+Michel.+Diálogo+sobre+ciência+cultura+tempo+conversas+Bruno+Latour
Sete Dias em River Falls   Alexis Aubenque,Sete+Dias+River+Falls+Alexis+Aubenque
seven languages in seven weeks p1 0,seven+languages+seven+weeks
Sexo na cabeca   Kayt Sukel,Sexo+cabeca+Kayt+Sukel
Sexo  desvio e danacao   Jeffrey Richards,Sexo+desvio+danacao+Jeffrey+Richards
Sexo  Desvio e Danação   As Minorias na Idade Média   Jeffrey Richards,Sexo+Desvio+Danação+Minorias+Idade+Média+Jeffrey+Richards
Siegel Stocks For The Long Run,Siegel+Stocks+Long
Silvio Santos   Marcia Batista & Anna Medeiros,Silvio+Santos+Marcia+Batista+Anna+Medeiros
Sobre a Brevidade da Vida   Seneca,Sobre+Brevidade+Vida+Seneca
Sobrenatural   Paige McKenzie,Sobrenatural+Paige+McKenzie
Sociedades Secretas   Philip Gardiner,Sociedades+Secretas+Philip+Gardiner
Sonho grande   Cristiane Correa,Sonho+grande+Cristiane+Correa
Stalingrado 1942   O Início do Fim da Alemanha Nazista   Alexander Werth,Stalingrado+1942+Início+Alemanha+Nazista+Alexander+Werth
Star Wars   Kenobi   John Jackson Miller,Star+Wars+Kenobi+John+Jackson+Miller
Stephen Hawking   O Universo Numa Casca de Noz,Stephen+Hawking+Universo+Numa+Casca
Steve Jobs  As verdadeiras lico   Walter Isaacson,Steve+Jobs+verdadeiras+lico+Walter+Isaacson
Steve McConnell Rapid Development  Taming Wild Software Schedules Microsoft Press (1996),Steve+McConnell+Rapid+Development+Taming+Wild+Software+Schedules+Microsoft+Press+(1996)
Steve Allen Aprenda Como Einstein Tecnicas de Aprendizagem Acelerada e Leitura Efetiva Para Pensar Como Um Genio PESQUISAVEL,Steve+Allen+Aprenda+Como+Einstein+Tecnicas+Aprendizagem+Acelerada+Leitura+Efetiva+Para+Pensar+Como+Genio+PESQUISAVEL
Steven Pinker Como a Mente Funciona Companhia das Letras (1998),Steven+Pinker+Como+Mente+Funciona+Companhia+Letras+(1998)
Super memoria para Concursos  Alberto Dell Isola,Super+memoria+para+Concursos+Alberto+Dell+Isola
Superacao Pessoal  Como vencer   Steve Allen,Superacao+Pessoal+Como+vencer+Steve+Allen
Supernatural   Feito de Carne   Tim Waggoner,Supernatural+Feito+Carne+Waggoner
Suplementação nutricional na pratica clinica e esportiva 1,Suplementação+nutricional+pratica+clinica+esportiva
Suplementação nutricional na pratica clinica e esportiva,Suplementação+nutricional+pratica+clinica+esportiva
Série Off Campus,Série+Campus
TED TALKS,TALKS
Tenho medo mas dou um jeito..Ruth Rochapdf,Tenho+medo+jeito..Ruth+Rochapdf
Teresa Lopes Historias Que Acabam Aqui,Teresa+Lopes+Historias+Acabam+Aqui
Terras Devastadas   Stephen King,Terras+Devastadas+Stephen+King
Textos Cruéis Demais Para Serem Lidos Rapidamente   Igor Pereira da Silva,Textos+Cruéis+Demais+Para+Serem+Lidos+Rapidamente+Igor+Pereira+Silva
The Complete Software Developer’s Career Guide ( PDFDrive.com ),Complete+Software+Developer’s+Career+Guide+PDFDrive.com
The Manager’s Path  A Guide for Tech Leaders Navigating Growth and Change ( PDFDrive.com ),Manager’s+Path+Guide+Tech+Leaders+Navigating+Growth+Change+PDFDrive.com
The Science of Interstellar   Kip Thorne,Science+Interstellar+Thorne
The Phoenix Project by Gene Kim,Phoenix+Project+Gene
the site reliability workbook next18,site+reliability+workbook+next18
THEO FISCHER   WU WEI   A ARTE DE VIVER O TAO,THEO+FISCHER+ARTE+VIVER
The Science Behind The Law of Attraction  January 15 2018,Science+Behind+Attraction+January+2018
Thierry Jonquet   Tarantula,Thierry+Jonquet+Tarantula
Todos Contra Todos   Leandro Karnal,Todos+Contra+Todos+Leandro+Karnal
Tomek Kaczanowski   Practical Unit Testing with JUnit and Mockito   2013,Tomek+Kaczanowski+Practical+Unit+Testing+with+JUnit+Mockito+2013
Torre Negra   Stephen King,Torre+Negra+Stephen+King
Trabalhe 4 Horas por Semana   Tim Ferris (1),Trabalhe+Horas+Semana+Ferris
TRABALHO E SAUDE MENTAL DOS PROFISSIONAIS EM SAUDE   Cremesp,TRABALHO+SAUDE+MENTAL+PROFISSIONAIS+SAUDE+Cremesp
Transformando Suor em Ouro   Bernardo Rocha de Rezende,Transformando+Suor+Ouro+Bernardo+Rocha+Rezende
Tudo o que Nunca Contei   Celeste Ng,Tudo+Nunca+Contei+Celeste
Turned at Dark   C.C. Hunter,Turned+Dark+C.C.+Hunter
Ultimas palavras   Christopher Hitchens,Ultimas+palavras+Christopher+Hitchens
Um Apelo A Consciencia   Os Mel   Clayborne Carson,Apelo+Consciencia+Clayborne+Carson
Um Pais Sem Excelencias e Mordomias   Claudia Wallin,Pais+Excelencias+Mordomias+Claudia+Wallin
Um Universo que Veio do Nada   Lawrence Krauss,Universo+Veio+Nada+Lawrence+Krauss
Uma Breve Historia do Tempo   Stephen Hawking,Breve+Historia+Tempo+Stephen+Hawking
Uma Nova Historia do Tempo   Stephen Hawking,Nova+Historia+Tempo+Stephen+Hawking
Urupês   Monteiro Lobato,Urupês+Monteiro+Lobato
Usando as mãos   Contando de cinco em cinco,Usando+mãos+Contando+cinco+cinco
User Stories Applied Mike Cohn,User+Stories+Applied+Mike+Cohn
Vamos Cozinhar   Ensley F Guffey,Vamos+Cozinhar+Ensley+Guffey
vencendo a ansiedade e a preocupação,vencendo+ansiedade+preocupação
Venkat Subramaniam Functional Programming in Java EN,Venkat+Subramaniam+Functional+Programming+Java
Viagem a Palestina   Adriana Mabilia,Viagem+Palestina+Adriana+Mabilia
Viagem ao Centro da Terra   Julio Verne,Viagem+Centro+Terra+Julio+Verne
Viagem ao Céu   Monteiro Lobato,Viagem+Monteiro+Lobato
Viagem de um Naturalista ao Redor do Mundo   Charles Darwin,Viagem+Naturalista+Redor+Mundo+Charles+Darwin
Vingadores  Todos Querem Dominar o Mundo   Dan Abnett,Vingadores+Todos+Querem+Dominar+Mundo+Abnett
Viver em Paz para Morrer em Paz   Mario Sergio Cortella,Viver+para+Morrer+Mario+Sergio+Cortella
Vivos Embaixo da Terra   Rodrigo Carvalho,Vivos+Embaixo+Terra+Rodrigo+Carvalho
Voo Noturno   Antoine de Saint Exupéry,Noturno+Antoine+Saint+Exupéry
Walter Benjamin   Ensaios Reunidos   Escritos sobre Goethe,Walter+Benjamin+Ensaios+Reunidos+Escritos+sobre+Goethe
yadaim ESQUEMA DE ESTUDOS   Psicologia Organizacional,yadaim+ESQUEMA+ESTUDOS+Psicologia+Organizacional
[Working Effectively with Legacy Code (Robert C. Martin Series) Kindle Edition by Michael Feathers   2005],[Working+Effectively+with+Legacy+Code+(Robert+Martin+Series)+Kindle+Edition+Michael+Feathers+2005]
