 Cambridge  English Grammar In Use (3rd Edition With Answers),Cambridge+English+Grammar+(3rd+Edition+With+Answers), 0 XXX BOOK NOT FOUND 
01 Correr ou Morrer   Maze Runner    James Dashner,Correr+Morrer+Maze+Runner+James+Dashner,4.02
01 Cathian The Vorge Crew Laurann Dohner  pdf,Cathian+Vorge+Crew+Laurann+Dohner,3.98
02 Dovis The Vorge Crew Laurann Dohner   Laurann Dohner PLeSH,Dovis+Vorge+Crew+Laurann+Dohner+Laurann+Dohner+PLeSH, 0 XXX BOOK NOT FOUND 
03 York The Vorge Crew Laurann Dohner Rev SHePL,York+Vorge+Crew+Laurann+Dohner+SHePL, 0 XXX BOOK NOT FOUND 
04 Raff The Vorger Crew Laurann Dohner Rev SHePL,Raff+Vorger+Crew+Laurann+Dohner+SHePL, 0 XXX BOOK NOT FOUND 
100 Filmes Para Ver Antes de Morrer   Cópia,Filmes+Para+Antes+Morrer+Cópia, 0 XXX BOOK NOT FOUND 
100 Maneiras de Motivar a si Me   Steve Chandler 1 (1),Maneiras+Motivar+Steve+Chandler,4.05
1001 Filmes para ver antes de morrer,1001+Filmes+para+antes+morrer,4.05
11 Desperte o milionario que ha em,Desperte+milionario,3.75
12 Dias para Atualizar Sua Vida   Tiago Brunet,Dias+para+Atualizar+Vida+Tiago+Brunet, 0 XXX no there status  
12 meses para enriquecer o plano da virada marcelo silvestre,meses+para+enriquecer+plano+virada+marcelo+silvestre, 0 XXX BOOK NOT FOUND 
17 Equacoes Que Mudaram o Mundo   Ian Stewart,Equacoes+Mudaram+Mundo+Stewart,3.99
1984   George Orwell,1984+George+Orwell,4.15
20.000 Léguas Submarinas   Julio Verne,20.000+Léguas+Submarinas+Julio+Verne,3.88
23 Habitos Anti Procrastinacao ,Habitos+Anti+Procrastinacao,3.66
23 noites de prazer   Juliana Costa,noites+prazer+Juliana+Costa, 0 XXX BOOK NOT FOUND 
3 investimentos para ter um salario vitalicio,investimentos+para+salario+vitalicio, 0 XXX BOOK NOT FOUND 
3. Revelada   C. C. Hunter,Revelada+Hunter,4.41
365 dias que mudaram o mundo   History Channel,dias+mudaram+mundo+History+Channel, 0 XXX no there status  
40 livro a renda fixa nao e fixa,livro+renda+fixa+fixa, 0 XXX BOOK NOT FOUND 
50 Ideias de Fisica Quantica   Joanne Baker,Ideias+Fisica+Quantica+Joanne+Baker,4.05
50 Pensadores que Formaram o Mu   Stephen Trombley,Pensadores+Formaram+Stephen+Trombley,3.41
52 Maneiras de Ganhar Mais Dinh   Clene Salles,Maneiras+Ganhar+Mais+Dinh+Clene+Salles, 0 XXX BOOK NOT FOUND 
53+exercícios+funcional+com+acessórios,53+exercícios+funcional+com+acessórios, 0 XXX BOOK NOT FOUND 
6 Passos para Organizar sua Vida Financeira,Passos+para+Organizar+Vida+Financeira, 0 XXX no there status  
666   O Limiar do Inferno   Jay Anson,Limiar+Inferno+Anson,3.44
8 Habitos de um lider eficaz,Habitos+lider+eficaz,3.80
A anatomia de um desastre (política),anatomia+desastre+(política), 0 XXX BOOK NOT FOUND 
A ARTE DA MEDITAÇÃO  de Daniel Goleman,ARTE+MEDITAÇÃO+Daniel+Goleman,3.50
A Arte da Negociacao   Michael Wheeler,Arte+Negociacao+Michael+Wheeler,3.85
a Arte da persuasão pdf 1,Arte+persuasão, 0 XXX no there status  
A Arte da Persuasão,Arte+Persuasão, 0 XXX no there status  
A Arte da Seducao   Robert Greene,Arte+Seducao+Robert+Greene,4.06
A Arte de Argumentar   Antonio Suarez Abreu,Arte+Argumentar+Antonio+Suarez+Abreu,3.51
A Arte de Fazer Acontecer   David Allen,Arte+Fazer+Acontecer+David+Allen,3.99
A Arte de Influenciar Pessoas,Arte+Influenciar+Pessoas, 0 XXX no there status  
A arte de ler mentes,arte+mentes,3.80
A Arte de se Fazer Respeitar   Barbara Berckhan,Arte+Fazer+Respeitar+Barbara+Berckhan, 0 XXX no there status  
A arte do Hacking   A tática na prática   por Nicholas Ferreira,arte+Hacking+tática+prática+Nicholas+Ferreira, 0 XXX BOOK NOT FOUND 
A arvore de dinheiro   Guia par   Jurandir Sell Macedo Jr,arvore+dinheiro+Guia+Jurandir+Sell+Macedo, 0 XXX no there status  
A Bandeira Vermelha   Jordan Souza,Bandeira+Vermelha+Jordan+Souza, 0 XXX no there status  
A Bola de Neve Warren Buffett e o Negocio da Vida   Alice Schroeder,Bola+Neve+Warren+Buffett+Negocio+Vida+Alice+Schroeder,4.10
A Cabana   William P. Young,Cabana+William+Young,3.76
A Casa na Rua Esperanca   Danielle Steel,Casa+Esperanca+Danielle+Steel,3.87
A Casa Negra   Stephen King,Casa+Negra+Stephen+King,4.00
A Casa no Lago   Thomas Harding,Casa+Lago+Thomas+Harding,4.09
A Cidade do Sol   Tommaso Campanella,Cidade+Tommaso+Campanella,3.28
A Cidade dos Segredos   Sasha Gould,Cidade+Segredos+Sasha+Gould,3.53
A cidade sitiada   Clarice Lispector,cidade+sitiada+Clarice+Lispector,3.73
A Ciencia de Ficar Rico   Wallace D,Ciencia+Ficar+Rico+Wallace,4.18
A Ciencia economica e o metodo    Hans Hermann Hoppe,Ciencia+economica+metodo+Hans+Hermann+Hoppe,4.01
A Civilizacao Inca   Henri Favre,Civilizacao+Inca+Henri+Favre, 0 XXX no there status  
A civilizacao Maia   Paul Gendrop,civilizacao+Maia+Paul+Gendrop, 0 XXX no there status  
A Civilização Asteca   Jacques Soustelle,Civilização+Asteca+Jacques+Soustelle, 0 XXX no there status  
A Conquista Social da Terra   Edward O,Conquista+Social+Terra+Edward,3.91
A Crise De 1929   Bernard Gazier,Crise+1929+Bernard+Gazier, 0 XXX no there status  
A Dinamica do Capitalismo   Fernand Braudel,Dinamica+Capitalismo+Fernand+Braudel,3.51
A Ditadura Militar no Brasil 1964 a 1984  Maria Jose de Rezende,Ditadura+Militar+Brasil+1964+1984+Maria+Jose+Rezende, 0 XXX no there status  
A Economia da Desigualdade   Thomas Piketty,Economia+Desigualdade+Thomas+Piketty,3.61
A Era dos Extremos   Eric J,Extremos+Eric,4.24
A Escolha dos Tres   Stephen King,Escolha+Tres+Stephen+King,4.23
A Estrada   Cormac McCarthy,Estrada+Cormac+McCarthy,3.96
A Estrela do Sul   Julio Verne,Estrela+Julio+Verne, 0 XXX BOOK NOT FOUND 
A Etica da Liberdade   Murray N. Rothbard,Etica+Liberdade+Murray+Rothbard,4.13
A Etica da Redistribuicao   Bertrand de Jouvenel,Etica+Redistribuicao+Bertrand+Jouvenel,3.69
A filosofia explica grandes questões da humanidade,filosofia+explica+grandes+questões+humanidade,3.87
A Flor Da Pele   Helena Hunting,Flor+Pele+Helena+Hunting,4.13
A FÍSICA QUÂNTICA NA VIDA REAL OSNY RAMOS,FÍSICA+QUÂNTICA+VIDA+REAL+OSNY+RAMOS, 0 XXX BOOK NOT FOUND 
A Galera Chancellor   Julio Verne,Galera+Chancellor+Julio+Verne, 0 XXX BOOK NOT FOUND 
A Garota do Lago   Marcio Ardenghe D,Garota+Lago+Marcio+Ardenghe, 0 XXX no there status  
A Garota dos Olhos Azuis   Karin Slaughter,Garota+Olhos+Azuis+Karin+Slaughter,3.44
A Gramática Para Concursos   Fernando Pestana   MATERIAL COMPLEMENTAR,Gramática+Para+Concursos+Fernando+Pestana+MATERIAL+COMPLEMENTAR, 0 XXX BOOK NOT FOUND 
A Grande Depressao Americana   Murray N. Rothbard,Grande+Depressao+Americana+Murray+Rothbard,4.22
A Guerra Que Salvou a Minha Vida   Kimberly Brubaker Bradley 1 1,Guerra+Salvou+Minha+Vida+Kimberly+Brubaker+Bradley,4.50
A história bizarra da 2 guerra,história+bizarra+guerra, 0 XXX no there status  
A História do Brasil para quem tem Pressa   Marcos Costa,História+Brasil+para+quem+Pressa+Marcos+Costa,3.69
A Hora da Estrela   Clarice Lispector (2),Hora+Estrela+Clarice+Lispector,3.98
A Ilha  Um reporter brasileiro   Fernando Morais,Ilha+reporter+brasileiro+Fernando+Morais, 0 XXX BOOK NOT FOUND 
A jogada do seculo   Michael Lewis,jogada+seculo+Michael+Lewis,4.28
A Lei da Atração e o poder do pensamento,Atração+poder+pensamento,4.06
A Lei da Atração,Atração,4.07
A Logica da Emocao   Manoelita Dias dos Santos,Logica+Emocao+Manoelita+Dias+Santos, 0 XXX no there status  
A Magica de Pensar Grande   David J. Schwartz,Magica+Pensar+Grande+David+Schwartz,4.22
A Magica de Pensar Grande   David J,Magica+Pensar+Grande+David,4.22
A Matematica nos Tribunais   Leila Schneps,Matematica+Tribunais+Leila+Schneps,3.60
A Menina Que Nao Sabia Ler   Vo   John Harding(1),Menina+Sabia+John+Harding(1),3.63
A Menina Que Nao Sabia Ler   Vo   John Harding,Menina+Sabia+John+Harding,3.63
A Mentalidade Anticapitalista,Mentalidade+Anticapitalista, 0 XXX no there status  
A minha grama é mais verde   Jaime Kemp,minha+grama+mais+verde+Jaime+Kemp, 0 XXX no there status  
A Mulher na Cabine  Ruth Ware,Mulher+Cabine+Ruth+Ware,3.68
A Mulher Nua   Desmond Morris,Mulher+Desmond+Morris,3.85
A Mulher que Matou os Peixes   Clarice Lispector,Mulher+Matou+Peixes+Clarice+Lispector,3.87
A Origem da Espécie Humana   Richard Leakey,Origem+Espécie+Humana+Richard+Leakey, 0 XXX BOOK NOT FOUND 
A Origem das Espécies (Trad,Origem+Espécies+(Trad, 0 XXX BOOK NOT FOUND 
A Prisao do Rei   Victoria Aveyard,Prisao+Victoria+Aveyard,4.01
A queda de Napoleao   Jean Paul Bertaud,queda+Napoleao+Jean+Paul+Bertaud, 0 XXX no there status  
A Rainha Vermelha   Victoria Aveyard,Rainha+Vermelha+Victoria+Aveyard,4.06
A renda fixa nao e fixa   Marilia Fontes,renda+fixa+fixa+Marilia+Fontes, 0 XXX no there status  
A Revolucao dos Bichos   George Orwell,Revolucao+Bichos+George+Orwell,3.92
A Roda da Eternidade   Neil Gaiman,Roda+Eternidade+Neil+Gaiman,3.68
A Sociedade Individualizada   Zygmunt Bauman,Sociedade+Individualizada+Zygmunt+Bauman,3.82
A Startup Enxuta   Eric Ries,Startup+Enxuta+Eric+Ries,4.07
A Sutil Arte de Ligar o Foda se   Mark Manson,Sutil+Arte+Ligar+Foda+Mark+Manson, 0 XXX BOOK NOT FOUND 
A Ultima Mensagem de Hiroshima   Takashi Morita,Ultima+Mensagem+Hiroshima+Takashi+Morita, 0 XXX no there status  
A Ultima Noite em Tremore Beach   Mikel Santiago,Ultima+Noite+Tremore+Beach+Mikel+Santiago,3.77
A Vida   O Universo e Tudo Mais   Douglas Adams,Vida+Universo+Tudo+Mais+Douglas+Adams,4.20
A Virtude do Egoismo   Ayn Rand,Virtude+Egoismo+Rand,3.50
ABC da Relatividade   Bertrand Russel,Relatividade+Bertrand+Russel, 0 XXX BOOK NOT FOUND 
Abel Sidney Conto ou Nao Conto,Abel+Sidney+Conto+Conto, 0 XXX no there status  
Acao Humana    Um Tratado de Ec   Ludwig von Mises,Acao+Humana+Tratado+Ludwig+Mises,4.31
Adeus  aposentadoria   Gustavo Cerbasi,Adeus+aposentadoria+Gustavo+Cerbasi,3.58
Aditya Bhargava Grokking Algorithms  An Illustrated Guide for Programmers and Other Curious People Manning Publications (2016),Aditya+Bhargava+Grokking+Algorithms+Illustrated+Guide+Programmers+Other+Curious+People+Manning+Publications+(2016), 0 XXX BOOK NOT FOUND 
Adolph Hitler Minha Luta   Mein Kampf,Adolph+Hitler+Minha+Luta+Mein+Kampf, 0 XXX BOOK NOT FOUND 
agile desenvolvimento de software com entregas frequentes e foco no valor de negocio,agile+desenvolvimento+software+entregas+frequentes+foco+valor+negocio,4.21
Alberto Figueiredo Pimentel Historias da Avozinha,Alberto+Figueiredo+Pimentel+Historias+Avozinha, 0 XXX no there status  
Alexander Elder   Como se Transformar em um Operador e Investidor de Sucesso,Alexander+Elder+Como+Transformar+Operador+Investidor+Sucesso,3.86
Alexandre Compart A menina que nao precisava de oculos (1),Alexandre+Compart+menina+precisava+oculos, 0 XXX BOOK NOT FOUND 
algaworks livro programacao para iniciantes v1,algaworks+livro+programacao+para+iniciantes, 0 XXX BOOK NOT FOUND 
Algorithms 4th Ed   Robert Sedgewick  Kevin Wayne (2011),Algorithms+Robert+Sedgewick+Kevin+Wayne+(2011), 0 XXX BOOK NOT FOUND 
Alimentacao Fitness Guia Para 1,Alimentacao+Fitness+Guia+Para, 0 XXX BOOK NOT FOUND 
Aloysio Biondi   O Brasil Privatizado,Aloysio+Biondi+Brasil+Privatizado, 0 XXX no there status  
Aluno irresistível ,Aluno+irresistível, 0 XXX BOOK NOT FOUND 
An+Investor's+Take+on+Cryptoassets+v6,An+Investor's+Take+on+Cryptoassets+v6, 0 XXX BOOK NOT FOUND 
Angela Yvonne Davis   Mulheres  raca e classe,Angela+Yvonne+Davis+Mulheres+raca+classe, 0 XXX BOOK NOT FOUND 
Angular 6 by Example  Get up an   Chandermani Arora,Angular+Example+Chandermani+Arora, 0 XXX no there status  
Angular 6 for Enterprise Ready Web Applications  Deliver production ready and cloud scale Angular web apps,Angular+Enterprise+Ready+Applications+Deliver+production+ready+cloud+scale+Angular+apps, 0 XXX no there status  
Anita Notaro   Há Sempre um Amanhã,Anita+Notaro+Sempre+Amanhã,3.42
Anjos e Demônios   A Primeira Aventura de Robert Langdon   Dan Brown,Anjos+Demônios+Primeira+Aventura+Robert+Langdon+Brown, 0 XXX BOOK NOT FOUND 
Antes da Queda   Noah Hawley,Antes+Queda+Noah+Hawley,3.74
Antes que o casamento nos separe,Antes+casamento+separe, 0 XXX no there status  
Anthony Robbins   Poder Sem Limites,Anthony+Robbins+Poder+Limites,4.22
Antifragil   Nassim Nicholas Taleb,Antifragil+Nassim+Nicholas+Taleb,4.08
Análise Técnica Instituto Cisne (1),Análise+Técnica+Instituto+Cisne, 0 XXX BOOK NOT FOUND 
Ao cair da noite   Stephen King,cair+noite+Stephen+King,3.87
Aprenda a Operar no Mercado de   Alexander Elder,Aprenda+Operar+Mercado+Alexander+Elder,4.04
Aprenda o Buy and Hold Fabio Faria CNPI 1711,Aprenda+Hold+Fabio+Faria+CNPI+1711, 0 XXX BOOK NOT FOUND 
Aprendendo a Pensar com a Socio   Zygmunt Bauman,Aprendendo+Pensar+Socio+Zygmunt+Bauman, 0 XXX BOOK NOT FOUND 
Armas  Germes e Aco   Jared Diamond,Armas+Germes+Jared+Diamond,4.02
Arnaldo Jabor   Os Canibais Estao Na Sala De Jantar,Arnaldo+Jabor+Canibais+Estao+Sala+Jantar, 0 XXX no there status  
Arquitetura e Construção   Edição 12   (Dezembro 2017),Arquitetura+Construção+Edição+(Dezembro+2017), 0 XXX BOOK NOT FOUND 
As 21 Irrefurtaveis leis da liderança,Irrefurtaveis+leis+liderança, 0 XXX BOOK NOT FOUND 
As Cinco Linguagens do Amor,Cinco+Linguagens+Amor,4.24
As mentiras Que Os Homens Conta   Luis Fernando Verissimo,mentiras+Homens+Conta+Luis+Fernando+Verissimo, 0 XXX BOOK NOT FOUND 
As Sobreviventes   Riley Sager,Sobreviventes+Riley+Sager,3.80
As vantagens de ser otimista   Allan Percy,vantagens+otimista+Allan+Percy, 0 XXX no there status  
as valkirias paulo coelho,valkirias+paulo+coelho,3.31
As Vantagens de Ser Invisivel Stephen Chbosky,Vantagens+Invisivel+Stephen+Chbosky,4.20
Assassinato no Expresso do Oriente   Agatha Christie,Assassinato+Expresso+Oriente+Agatha+Christie,4.16
Astrofísica Para Apressados   Neil De Grasse Tyson,Astrofísica+Para+Apressados+Neil+Grasse+Tyson, 0 XXX BOOK NOT FOUND 
Aswath Damoran   Valuation  Como Avaliar Empresas e Escolher as Melhores Ações,Aswath+Damoran+Valuation+Como+Avaliar+Empresas+Escolher+Melhores+Ações, 0 XXX BOOK NOT FOUND 
as 7 leis do universo 01 (1) PDF,leis+universo,4.07
As cinco linguagens do perdao Gary Chapm,cinco+linguagens+perdao+Gary+Chapm, 0 XXX BOOK NOT FOUND 
As Duvidas mais comuns em Concursos   Fernando Pestana   2015  [materialcursoseconcursos.blogspot.com,Duvidas+mais+comuns+Concursos+Fernando+Pestana+2015+[materialcursoseconcursos.blogspot.com, 0 XXX BOOK NOT FOUND 
Ate Mais  e Obrigado Pelos Peixes!   Douglas Adams,Mais+Obrigado+Pelos+Peixes!+Douglas+Adams,4.09
Ate o Fim do Mundo   Tommy Wallach,Mundo+Tommy+Wallach,3.60
Atencao Plena   Mark Williams,Atencao+Plena+Mark+Williams,4.13
Axiomas De Zurique   Max Gunther,Axiomas+Zurique+Gunther,3.97
A Arte da Guerra L&PM,Arte+Guerra+L&PM,3.97
B. A,, 0 XXX no there 
BACHELARD  G. A Chama de uma Vela,BACHELARD+Chama+Vela,3.95
BACHELARD  G. A Epistemologia,BACHELARD+Epistemologia, 0 XXX no there status  
BACHELARD  G. A Formação do Espírito Científico,BACHELARD+Formação+Espírito+Científico,3.94
BACHELARD  G. A Poética do Devaneio,BACHELARD+Poética+Devaneio,4.23
BADIOU  Alain. Pequeno Manual de Inestética,BADIOU+Alain.+Pequeno+Manual+Inestética,3.86
Battlefield of the Mind Meyer,Battlefield+Mind+Meyer,4.34
Be obsessed or be average ( PDFDrive.com ),obsessed+average+PDFDrive.com, 0 XXX BOOK NOT FOUND 
BEAUVOIR  S. O Segundo Sexo 1  Fatos e mitos,BEAUVOIR+Segundo+Sexo+Fatos+mitos,4.24
Bec Botefuhr   01 Dark Poison (TRT),Botefuhr+Dark+Poison+(TRT), 0 XXX BOOK NOT FOUND 
Bec Botefuhr   02 Dark Desire (TRT),Botefuhr+Dark+Desire+(TRT), 0 XXX BOOK NOT FOUND 
Bec Botefuhr   03 Dark Endings (TRT),Botefuhr+Dark+Endings+(TRT), 0 XXX BOOK NOT FOUND 
Bec Botefuhr   04 Dark Destiny (TRT),Botefuhr+Dark+Destiny+(TRT), 0 XXX BOOK NOT FOUND 
Bem Profundo   Portia Da Costa (1),Profundo+Portia+Costa,3.48
BERGSON  Henri. A Evolução Criadora,BERGSON+Henri.+Evolução+Criadora,4.08
BERGSON  Henri. Ensaio sobre os dados imediatos da consciênc,BERGSON+Henri.+Ensaio+sobre+dados+imediatos+consciênc, 0 XXX BOOK NOT FOUND 
BERGSON  Henri. Matéria e Memória,BERGSON+Henri.+Matéria+Memória,4.09
BERGSON  Henri. O Pensamento e o Movente   Parte A,BERGSON+Henri.+Pensamento+Movente+Parte, 0 XXX BOOK NOT FOUND 
BERGSON  Henri. O Riso,BERGSON+Henri.+Riso,3.71
BIOLOGIA 1 BERNOULLI,BIOLOGIA+BERNOULLI, 0 XXX BOOK NOT FOUND 
Bitcoin A Moeda na Era Digital   Fernando Ulrich 1,Bitcoin+Moeda+Digital+Fernando+Ulrich,4.04
Bitcoin A Moeda na Era Digital   Fernando Ulrich,Bitcoin+Moeda+Digital+Fernando+Ulrich,4.04
BOBBIO  N. Dicionário de política,BOBBIO+Dicionário+política, 0 XXX no there status  
BOBBIO  N. Direira e esquerda,BOBBIO+Direira+esquerda, 0 XXX BOOK NOT FOUND 
BOBBIO  N. O conceito de sociedade civil,BOBBIO+conceito+sociedade+civil, 0 XXX no there status  
BOBBIO  N. O positivismo juridico   lições da filosofia do direito,BOBBIO+positivismo+juridico+lições+filosofia+direito, 0 XXX no there status  
Bons pensamentos bons sentimentos manual paul stallardpdf,Bons+pensamentos+bons+sentimentos+manual+paul+stallardpdf, 0 XXX BOOK NOT FOUND 
BUTLER  J. Deshacer el genero [espanhol],BUTLER+Deshacer+genero+[espanhol], 0 XXX BOOK NOT FOUND 
BUTLER  Judith. Cuerpos que importan,BUTLER+Judith.+Cuerpos+importan,4.11
BUTLER  Judith. Precarious life,BUTLER+Judith.+Precarious+life,4.18
C. C. Hunter   Eterna   Zamzar,Hunter+Eterna+Zamzar, 0 XXX BOOK NOT FOUND 
caderno cidadania financeira,caderno+cidadania+financeira, 0 XXX BOOK NOT FOUND 
café1926015105,café1926015105, 0 XXX BOOK NOT FOUND 
Campo de Batalha da Mente,Campo+Batalha+Mente,4.34
Cancao de Susannah   Stephen King,Cancao+Susannah+Stephen+King,3.99
CANDILLAC  Maurice de. Gêneses da Modernidade,CANDILLAC+Maurice+Gêneses+Modernidade, 0 XXX BOOK NOT FOUND 
CANGUILHEM  Georges. O Conhecimento da Vida,CANGUILHEM+Georges.+Conhecimento+Vida,4.25
CANGUILHEM  Georges. O Normal e o Patológico (6. ed.) (dig.),CANGUILHEM+Georges.+Normal+Patológico+ed.)+(dig.), 0 XXX BOOK NOT FOUND 
Caninos Brancos   Jack London,Caninos+Brancos+Jack+London, 0 XXX no there status  
Carolyn Boroden   Fibonacci Trading,Carolyn+Boroden+Fibonacci+Trading,3.97
Carta a Uma Nação Cristã   Sam Harris,Carta+Nação+Cristã+Harris,4.03
Cartillha SuperDotados,Cartillha+SuperDotados, 0 XXX BOOK NOT FOUND 
casal e família transmissão  conflito e violência,casal+família+transmissão+conflito+violência, 0 XXX no there status  
casamento blindado renato e cristiane cardoso,casamento+blindado+renato+cristiane+cardoso,4.27
CASSIRER  Ernst. A Filosofia do Iluminismo (1. ed.),CASSIRER+Ernst.+Filosofia+Iluminismo+ed.), 0 XXX BOOK NOT FOUND 
CASSIRER  Ernst. Antropología Filosófica   Introducción a Una Filosofía de la Cultura,CASSIRER+Ernst.+Antropología+Filosófica+Introducción+Filosofía+Cultura,3.97
CASSIRER  Ernst. Indivíduo e Cosmos na Filosofia do Renascimento,CASSIRER+Ernst.+Indivíduo+Cosmos+Filosofia+Renascimento,4.34
CASSIRER  Ernst. Linguagem e Mito,CASSIRER+Ernst.+Linguagem+Mito,3.78
Caçando Eichmann,Caçando+Eichmann,4.20
Celso Daniel  Politica  corrupcão.epub,Celso+Daniel+Politica+corrupcão.epub, 0 XXX BOOK NOT FOUND 
Cem Anos de Solidão   Gabriel García Márquez,Anos+Solidão+Gabriel+García+Márquez,4.06
CHALMERS  Alan. O Que é Ciência Afinal (2. ed.),CHALMERS+Alan.+Ciência+Afinal+ed.), 0 XXX BOOK NOT FOUND 
CHALMERS  Alan. What is This Thing Called Science (3. ed.),CHALMERS+Alan.+What+This+Thing+Called+Science+ed.), 0 XXX BOOK NOT FOUND 
Chamas na Escuridao   Sadie Matthews,Chamas+Escuridao+Sadie+Matthews,3.79
CHEVALIER  J. As grandes obras políticas de Maquiavel a nossos dias.,CHEVALIER+grandes+obras+políticas+Maquiavel+nossos+dias., 0 XXX BOOK NOT FOUND 
CHOMSKY  N. Linguagem e Mente,CHOMSKY+Linguagem+Mente,3.87
CHOMSKY  N. O lucro ou as pessoas,CHOMSKY+lucro+pessoas,4.06
christian godefroy como ultrapassar a timidez,christian+godefroy+como+ultrapassar+timidez, 0 XXX BOOK NOT FOUND 
Cicatrizes de aco   Um conto da   Victoria Aveyard,Cicatrizes+conto+Victoria+Aveyard,3.56
Ciencia e Mito   Wolfgang Smith,Ciencia+Mito+Wolfgang+Smith,3.94
Cilada   Harlan Coben,Cilada+Harlan+Coben,3.98
Cinquenta Tons de Liberdade   Série Cinquenta Tons de Cinza #3   E. L. James,Cinquenta+Tons+Liberdade+Série+Cinquenta+Tons+Cinza+James, 0 XXX BOOK NOT FOUND 
Cinquenta Tons de Prazer   Marisa Bennett,Cinquenta+Tons+Prazer+Marisa+Bennett,3.30
Cinquenta Tons Mais Escuros   Cinquenta Tons de Cinza 02   E. L. James,Cinquenta+Tons+Mais+Escuros+Cinquenta+Tons+Cinza+James,3.85
CIORAN  E. Breviário da decomposição,CIORAN+Breviário+decomposição,4.27
Clean Code,Clean+Code,4.40
Coacnhing Com PNL Para Leigos   Kate Burton,Coacnhing+Para+Leigos+Kate+Burton, 0 XXX BOOK NOT FOUND 
code complete 2nd edition v413hav,code+complete+edition+v413hav, 0 XXX BOOK NOT FOUND 
Coding for Penetration Testers   Building Better Tools   J. Andress  R. Linn (Syngress  2012) WW,Coding+Penetration+Testers+Building+Better+Tools+Andress+Linn+(Syngress+2012), 0 XXX BOOK NOT FOUND 
coelho paulo brida,coelho+paulo+brida,3.47
Collor Presidente   Marco Antonio Villa,Collor+Presidente+Marco+Antonio+Villa, 0 XXX no there status  
Como controlar o seu tempo   GRUPO IC   DOSSIE SUPERINTERESSANTE JUNHO 2018,Como+controlar+tempo+GRUPO+DOSSIE+SUPERINTERESSANTE+JUNHO+2018, 0 XXX BOOK NOT FOUND 
Como Criar e Modificar Hábitos,Como+Criar+Modificar+Hábitos, 0 XXX no there status  
Como Criar uma Mente   Ray Kurzweil,Como+Criar+Mente+Kurzweil,3.96
Como Dizer Tudo em Ingles   Ron Martinez,Como+Dizer+Tudo+Ingles+Martinez, 0 XXX no there status  
Como domar um elefante   Jan Chozen bays,Como+domar+elefante+Chozen+bays,4.00
Como Evitar Preocupacoes e Comecar a Viv   Dale Carnegie,Como+Evitar+Preocupacoes+Comecar+Dale+Carnegie,4.11
COMO FALAR EM PUBLICO DALE CARNEGIE,COMO+FALAR+PUBLICO+DALE+CARNEGIE,4.08
Como Identificar a HORA CERTA de Comprar e Vender BITCOINS,Como+Identificar+HORA+CERTA+Comprar+Vender+BITCOINS, 0 XXX BOOK NOT FOUND 
Como Organizar Sua Vida Finance   Gustavo Cerbasi,Como+Organizar+Vida+Finance+Gustavo+Cerbasi, 0 XXX BOOK NOT FOUND 
Como Passa em Concurso Cespe   7000 Questões   2016,Como+Passa+Concurso+Cespe+7000+Questões+2016, 0 XXX BOOK NOT FOUND 
Como se aposentar com 40 anos   Vicente Guimarães,Como+aposentar+anos+Vicente+Guimarães, 0 XXX BOOK NOT FOUND 
Como se libertar das relacoes t   Lucy Beresford,Como+libertar+relacoes+Lucy+Beresford,3.45
Como Vencer Quando Voce nao e o   Rubens Teixeira,Como+Vencer+Quando+Voce+Rubens+Teixeira, 0 XXX no there status  
Como Atrair Clientes Guia do Engenheiro,Como+Atrair+Clientes+Guia+Engenheiro, 0 XXX BOOK NOT FOUND 
Como Investir na Bolsa de Valores   Ebook (1),Como+Investir+Bolsa+Valores+Ebook, 0 XXX BOOK NOT FOUND 
comportamentohumano,comportamentohumano, 0 XXX BOOK NOT FOUND 
COMTE SPONVILLE  A. A Felicidade  Desesperadamente,COMTE+SPONVILLE+Felicidade+Desesperadamente,4.20
COMTE SPONVILLE  A. Apresentação da Filosofia,COMTE+SPONVILLE+Apresentação+Filosofia,3.69
COMTE SPONVILLE  A. Pequeno tratado das grandes virtudes,COMTE+SPONVILLE+Pequeno+tratado+grandes+virtudes,4.10
Conquiste Sua Independencia,Conquiste+Independencia, 0 XXX BOOK NOT FOUND 
Conserte Tudo   Guia prático do reparador eletrônico    Newton C. Braga,Conserte+Tudo+Guia+prático+reparador+eletrônico+Newton+Braga, 0 XXX no there status  
Cosmos   Carl Sagan,Cosmos+Carl+Sagan, 0 XXX no there status  
Cracking the Coding Interview  4 Edition   150 Programming Interview Questions and Solutions,Cracking+Coding+Interview+Edition+Programming+Interview+Questions+Solutions, 0 XXX no there status  
Cracking the Coding Interview  6th Edition 189 Programming Questions and Solutions,Cracking+Coding+Interview+Edition+Programming+Questions+Solutions, 0 XXX no there status  
Crash   Alexandre Versignassi,Crash+Alexandre+Versignassi, 0 XXX no there status  
Crave a Marca   Veronica Roth,Crave+Marca+Veronica+Roth,3.77
Crer ounao crer,Crer+ounao+crer,4.02
criar artigo,criar+artigo, 0 XXX no there status  
Critica da Razao Pura   Immanuel Kant,Critica+Razao+Pura+Immanuel+Kant,3.94
Curso de Desenho,Curso+Desenho, 0 XXX no there status  
Curso de Hambúrguer Artesanal 1,Curso+Hambúrguer+Artesanal, 0 XXX BOOK NOT FOUND 
Dan Brown   A Origem  oficial,Brown+Origem+oficial, 0 XXX BOOK NOT FOUND 
Daniel Bovolento   Por onde andam as pessoas interessantes,Daniel+Bovolento+onde+andam+pessoas+interessantes, 0 XXX no there status  
Dark House   Karina Halle,Dark+House+Karina+Halle,3.78
DAWKINS  R. Deus  um Delírio,DAWKINS+Deus+Delírio,3.90
DAWKINS  R. O Gene Egoísta   Richard Dawkins,DAWKINS+Gene+Egoísta+Richard+Dawkins,4.13
DE MASI  Domenico. O futuro do trabalho,MASI+Domenico.+futuro+trabalho, 0 XXX no there status  
De que e Feito o Universo    Richard Panek,Feito+Universo+Richard+Panek,3.87
Dead Island   Mark Morris,Dead+Island+Mark+Morris,3.64
DEBORD  G.  Panegírico,DEBORD+Panegírico,3.90
DEBORD  G. A sociedade do espetáculo.,DEBORD+sociedade+espetáculo.,4.01
Depravado   Jaimie Roberts,Depravado+Jaimie+Roberts,4.01
Desperta ao Amanhecer   C.C. Hunter,Desperta+Amanhecer+C.C.+Hunter,4.28
Desperte o Gigante Interior   Anthony Robbins,Desperte+Gigante+Interior+Anthony+Robbins, 0 XXX no there status  
Desperte o milionario que ha em   Carlos Wizard Martins,Desperte+milionario+Carlos+Wizard+Martins,3.75
Deus Não é Grande   Christopher Hitchens,Deus+Grande+Christopher+Hitchens,3.97
Deus  Um Delírio   Richard Dawkins,Deus+Delírio+Richard+Dawkins,3.90
developing middleware java ee 8,developing+middleware+java, 0 XXX no there status  
Dezenove Regras Operacionais para se Tornar um Vencedor (Martin J. Pring),Dezenove+Regras+Operacionais+para+Tornar+Vencedor+(Martin+Pring), 0 XXX BOOK NOT FOUND 
Dicas para Cuidar da sua Saúde Financeira,Dicas+para+Cuidar+Saúde+Financeira, 0 XXX BOOK NOT FOUND 
Dicionario secreto da maconaria   Sergio Pereira Couto,Dicionario+secreto+maconaria+Sergio+Pereira+Couto, 0 XXX no there status  
Diário de um Banana 1  Completo,Diário+Banana+Completo, 0 XXX BOOK NOT FOUND 
do big Bang ao universo eterno,Bang+universo+eterno, 0 XXX no there status  
Do zero ao milhao   Carlos Wizard Martins,zero+milhao+Carlos+Wizard+Martins, 0 XXX no there status  
DOC 20180201 WA0008,20180201+WA0008, 0 XXX BOOK NOT FOUND 
Doce Tatuagem   Helena Hunting,Doce+Tatuagem+Helena+Hunting,3.96
DOri Vergalhao Simplicio e o colchao magico,DOri+Vergalhao+Simplicio+colchao+magico, 0 XXX BOOK NOT FOUND 
Drauzio Varella   Prisioneiras,Drauzio+Varella+Prisioneiras,4.56
e book bolsa de valores,book+bolsa+valores, 0 XXX no there status  
E book Liberdade Financeira   O primeiro passo,book+Liberdade+Financeira+primeiro+passo, 0 XXX BOOK NOT FOUND 
E book Mercado Financeiro,book+Mercado+Financeiro, 0 XXX BOOK NOT FOUND 
EAGLETON  Terry. A Ideologia da Estética,EAGLETON+Terry.+Ideologia+Estética,4.13
EAGLETON  Terry. As Ilusões do Pós Modernismo,EAGLETON+Terry.+Ilusões+Modernismo,3.74
EAGLETON  Terry. Marxismo e crítica literária,EAGLETON+Terry.+Marxismo+crítica+literária,3.89
EAGLETON  JAMESON  SAID. Nationalism  Colonialism and literature   Introduction by Seamus Deane,EAGLETON+JAMESON+SAID.+Nationalism+Colonialism+literature+Introduction+Seamus+Deane, 0 XXX BOOK NOT FOUND 
EBOOK   COMO FALAR BEM O GUIA DEFINITIVO PARA SE TORNAR UM LÍDER,EBOOK+COMO+FALAR+GUIA+DEFINITIVO+PARA+TORNAR+LÍDER, 0 XXX BOOK NOT FOUND 
Ebook Faxina 1,Ebook+Faxina, 0 XXX BOOK NOT FOUND 
EBOOK 6 PASSOS ,EBOOK+PASSOS,4.18
ebook fii,ebook,3.75
Ebook Perguntas Magicas de PNL Coaching Andre Sampaio,Ebook+Perguntas+Magicas+Coaching+Andre+Sampaio, 0 XXX BOOK NOT FOUND 
Economia Brasileira   Antonio Correa de Lacerda,Economia+Brasileira+Antonio+Correa+Lacerda, 0 XXX no there status  
Economia do Individuo   Rodrigo Constantino,Economia+Individuo+Rodrigo+Constantino, 0 XXX no there status  
Economia nua e crua   Charles Wheelan,Economia+crua+Charles+Wheelan,4.03
Edgar Allan Poe   Poemas e ensaios,Edgar+Allan+Poemas+ensaios, 0 XXX no there status  
Educação  convivência e ética   Mario Sergio Cortella,Educação+convivência+ética+Mario+Sergio+Cortella, 0 XXX no there status  
Elon Musk  Como o CEO Bilionari Ashlee Vance,Elon+Musk+Como+Bilionari+Ashlee+Vance, 0 XXX BOOK NOT FOUND 
Elsevier   Inteligencia Artificial   2013,Elsevier+Inteligencia+Artificial+2013, 0 XXX BOOK NOT FOUND 
Em Aguas Sombrias   Paula Hawkins,Aguas+Sombrias+Paula+Hawkins,3.55
Em Busca do Tesouro Direto   Miguel Longuini,Busca+Tesouro+Direto+Miguel+Longuini, 0 XXX no there status  
Emagreca Comendo Bem  Receitas   Daniela C. Schiavon,Emagreca+Comendo+Receitas+Daniela+Schiavon, 0 XXX no there status  
Encyclopedia of Chart Patterns   Thomas Bulkowski,Encyclopedia+Chart+Patterns+Thomas+Bulkowski,4.02
English Grammar For Dummies  Second Edition   English Grammar for Dummies,English+Grammar+Dummies+Second+Edition+English+Grammar+Dummies,3.81
English Grammar Understanding Basics,English+Grammar+Understanding+Basics, 0 XXX no there status  
English Unlimited C1 Coursebook,English+Unlimited+Coursebook,4.00
Entre mundos   Neil Gaiman,Entre+mundos+Neil+Gaiman, 0 XXX BOOK NOT FOUND 
Espada de Vidro   Victoria Aveyard,Espada+Vidro+Victoria+Aveyard,3.92
Estação Perdido   China Miéville,Estação+Perdido+China+Miéville,3.97
Eu Sou a Lenda   Richard Matheson,Lenda+Richard+Matheson,4.06
Exercicios para a mente,Exercicios+para+mente, 0 XXX no there status  
Extraordinario   R. J,Extraordinario,3.67
Extraterrestres   Salvador Nogueira 1,Extraterrestres+Salvador+Nogueira, 0 XXX no there status  
Extreme Ownership   Jocko Willink,Extreme+Ownership+Jocko+Willink, 0 XXX no there status  
fabrica de milionarios,fabrica+milionarios, 0 XXX no there status  
Faca como Warren Buffett   Mary Buffett watermark,Faca+como+Warren+Buffett+Mary+Buffett+watermark, 0 XXX BOOK NOT FOUND 
Faca seu Cerebro Trabalhar por   Renato Alves,Faca+Cerebro+Trabalhar+Renato+Alves, 0 XXX no there status  
FALCON  F. Alguns problemas e aspectos das relações entre a ,FALCON+Alguns+problemas+aspectos+relações+entre, 0 XXX BOOK NOT FOUND 
Fantasmas  Vampiros  Demonios e   Henry Alfred Bugalho,Fantasmas+Vampiros+Demonios+Henry+Alfred+Bugalho, 0 XXX no there status  
Farlex Complete English Grammar Rules,Farlex+Complete+English+Grammar+Rules,4.30
fascinio do universo,fascinio+universo, 0 XXX no there status  
FEYERABEND  Paul. Contra o Método,FEYERABEND+Paul.+Contra+Método,4.00
FEYERABEND  Paul. Diálogos Sobre o Conhecimento,FEYERABEND+Paul.+Diálogos+Sobre+Conhecimento, 0 XXX BOOK NOT FOUND 
Financas Empresariais FAE,Financas+Empresariais, 0 XXX no there status  
Firebase Cookbook  Over 70 reci   Houssem Yahiaoui,Firebase+Cookbook+Over+reci+Houssem+Yahiaoui, 0 XXX BOOK NOT FOUND 
Flash Boys   Michael Lewis,Flash+Boys+Michael+Lewis,4.14
Foco   Daniel Goleman,Foco+Daniel+Goleman,3.52
Fogo da Furia   T. A,Fogo+Furia,4.41
Fora de Serie   Outliers   Malcolm Gladwell (1),Fora+Serie+Outliers+Malcolm+Gladwell,4.14
Frank Cohen Java Testing and Design  From Unit Testing to Automated Web Tests Prentice Hall PTR (2004),Frank+Cohen+Java+Testing+Design+From+Unit+Testing+Automated+Tests+Prentice+Hall+(2004), 0 XXX BOOK NOT FOUND 
François Zourabichvili   O Vocabulário de Deleuze,François+Zourabichvili+Vocabulário+Deleuze, 0 XXX no there status  
FREGE  Gottlob. Lógica e Filosofia da Linguagem,FREGE+Gottlob.+Lógica+Filosofia+Linguagem, 0 XXX BOOK NOT FOUND 
FREINET  C. Pedagogia do bom senso,FREINET+Pedagogia+senso, 0 XXX BOOK NOT FOUND 
FRIEDMAN  David. liberdade e capitalismo radical,FRIEDMAN+David.+liberdade+capitalismo+radical, 0 XXX BOOK NOT FOUND 
Fuga do Campo 14   Blaine Harden,Fuga+Campo+Blaine+Harden,4.00
GANDHI. A única revolução possível é dentro de nós,GANDHI.+única+revolução+possível+dentro, 0 XXX no there status  
Garota Exemplar   Gillian Flynn,Garota+Exemplar+Gillian+Flynn,4.06
Garota Online   Zoe Sugg,Garota+Online+Sugg,3.74
Garotas Mas   Robin Wasserman,Garotas+Robin+Wasserman, 0 XXX no there status  
Garra O Poder da Paix o e da Perseveran a   Angela,Garra+Poder+Paix+Perseveran+Angela, 0 XXX BOOK NOT FOUND 
Gelo negro   Becca Fitzpatrick,Gelo+negro+Becca+Fitzpatrick,3.88
geraldo eustaquio de souza segredos,geraldo+eustaquio+souza+segredos, 0 XXX BOOK NOT FOUND 
Gestao da Inovacao   Paulo Tigre,Gestao+Inovacao+Paulo+Tigre, 0 XXX no there status  
Giorgio Agamben   Ninfas,Giorgio+Agamben+Ninfas,3.98
GOFFMAN  Erving. Manicômios  Prisões e Conventos,GOFFMAN+Erving.+Manicômios+Prisões+Conventos,4.17
Golpe e a Ditadura 64,Golpe+Ditadura, 0 XXX no there status  
Goticos   Contos Classicos   Luiz Antonio Aguiar,Goticos+Contos+Classicos+Luiz+Antonio+Aguiar, 0 XXX no there status  
GramaticaParaConcursosTeoriaeQuestesMarceloRosenthal2011 1,GramaticaParaConcursosTeoriaeQuestesMarceloRosenthal2011, 0 XXX BOOK NOT FOUND 
Gramática Comentada com Interpretação de Textos para Concursos   Adriana Figueiredo   2015,Gramática+Comentada+Interpretação+Textos+para+Concursos+Adriana+Figueiredo+2015, 0 XXX BOOK NOT FOUND 
Gramática Prática da Língua Inglesa   O inglês descomplicado 10ª Ed,Gramática+Prática+Língua+Inglesa+inglês+descomplicado, 0 XXX no there status  
Gravidade   Tess Gerritsen,Gravidade+Tess+Gerritsen,4.04
GRESH  Alain. Israel  Palestina,GRESH+Alain.+Israel+Palestina,3.74
Grey   E. L. James,Grey+James,3.67
Guardiao Sombrio   Christine Feehan (1),Guardiao+Sombrio+Christine+Feehan, 0 XXX BOOK NOT FOUND 
guia de musculação,guia+musculação,4.28
GUIA POLITICAMENTE INCORRETO DA AMERICA LATINA,GUIA+POLITICAMENTE+INCORRETO+AMERICA+LATINA,3.68
Guia Politicamente Incorreto da história do mundo  Leandro Narloch,Guia+Politicamente+Incorreto+história+mundo+Leandro+Narloch,3.86
Guia Politicamente Incorreto do Futebol   Jones Rossi,Guia+Politicamente+Incorreto+Futebol+Jones+Rossi,3.55
Guia Politicamente Incorreto do Sexo   Luiz Felipe Pondé,Guia+Politicamente+Incorreto+Sexo+Luiz+Felipe+Pondé,3.02
Guia Politicamente Incorreto dos presidentes   Paulo Schmidt,Guia+Politicamente+Incorreto+presidentes+Paulo+Schmidt,3.28
Guia Bitcoin para Novatos,Guia+Bitcoin+para+Novatos, 0 XXX no there status  
Guia politicamente incorreto da história do Brasil,Guia+politicamente+incorreto+história+Brasil,3.62
GUMBRETCH  H. Cascatas da modernidade,GUMBRETCH+Cascatas+modernidade, 0 XXX BOOK NOT FOUND 
GYE2KZWG,GYE2KZWG, 0 XXX BOOK NOT FOUND 
Hackeando Tudo  90 Habitos Para Mudar o Rumo de Uma Geracao [Ebook]   Raiam Santos,Hackeando+Tudo+Habitos+Para+Mudar+Rumo+Geracao+[Ebook]+Raiam+Santos, 0 XXX BOOK NOT FOUND 
Hacker Inside   Vol. 1 1,Hacker+Inside+Vol., 0 XXX BOOK NOT FOUND 
Hades   Alexandra Adornetto,Hades+Alexandra+Adornetto,3.97
Half Lies   Sally Green,Half+Lies+Sally+Green,3.81
Harry Richardson   A História de Maomé,Harry+Richardson+História+Maomé,4.14
Harvard Business Review USA  September October 2017,Harvard+Business+Review+September+October+2017, 0 XXX no there status  
HAYEK  F. A. caminho da servidão,HAYEK+caminho+servidão,4.18
head first design patterns,head+first+design+patterns,4.26
HEIDEGGER  Martin. A Caminho da Linguagem,HEIDEGGER+Martin.+Caminho+Linguagem,4.20
HEIDEGGER  Martin. Língua de Tradição e Língua Técnica,HEIDEGGER+Martin.+Língua+Tradição+Língua+Técnica, 0 XXX no there status  
HEIDEGGER  Martin. Ser e Tempo (Parte II),HEIDEGGER+Martin.+Tempo+(Parte, 0 XXX BOOK NOT FOUND 
HELICARNASSO  D. Tratado da Imitação,HELICARNASSO+Tratado+Imitação, 0 XXX BOOK NOT FOUND 
Herbert Marcuse   A ideologia da sociedade industrial,Herbert+Marcuse+ideologia+sociedade+industrial,3.97
HERMAN  H. O problema com Deus.,HERMAN+problema+Deus., 0 XXX BOOK NOT FOUND 
Herois  deuses e monstros da mi   Bernard Evslin (1),Herois+deuses+monstros+Bernard+Evslin,3.88
Hewings   Advanced Grammar in Use with Answers 2e HQ   Advanced grammar in use Martin Hewings,Hewings+Advanced+Grammar+with+Answers+Advanced+grammar+Martin+Hewings,4.14
Hibisco Roxo   Chimamanda Ngozi Adichie,Hibisco+Roxo+Chimamanda+Ngozi+Adichie,4.16
Hiroshima   John Hersey,Hiroshima+John+Hersey,3.96
Historia do Futuro   Mirian Leitao,Historia+Futuro+Mirian+Leitao, 0 XXX BOOK NOT FOUND 
Historia do mundo em 6 copos   Tom Standage,Historia+mundo+copos+Standage,3.76
Historia dos Estados Unidos   Leandro Karnal,Historia+Estados+Unidos+Leandro+Karnal,3.81
Historias do Analista de Bage   Luis Fernando Verissimo,Historias+Analista+Bage+Luis+Fernando+Verissimo,3.94
História da Riqueza no Brasil   Jorge Caldeira,História+Riqueza+Brasil+Jorge+Caldeira,4.14
HOBSBAWM  Eric Rebeldes primitivos,HOBSBAWM+Eric+Rebeldes+primitivos,3.79
HOBSBAWM  Eric. Introdução. In A invenção das Tradições,HOBSBAWM+Eric.+Introdução.+invenção+Tradições, 0 XXX BOOK NOT FOUND 
Hollywood   Charles Bukowski,Hollywood+Charles+Bukowski,3.78
Holocausto   Gerald Green,Holocausto+Gerald+Green,4.27
Holocausto Brasileiro   Daniela Arbex,Holocausto+Brasileiro+Daniela+Arbex,4.30
Homem de Ferro  Virus   Alex Irvine,Homem+Ferro+Virus+Alex+Irvine,3.23
Homem Aranha   Entre Trovões (Marvel)   Christopher L,Homem+Aranha+Entre+Trovões+(Marvel)+Christopher, 0 XXX BOOK NOT FOUND 
Horizonte   Kim Richardson,Horizonte+Richardson,4.15
How to Speak English Fluently in 1 Week[bookium],Speak+English+Fluently+Week[bookium],3.46
HowToBuildaCareerinTech,HowToBuildaCareerinTech, 0 XXX BOOK NOT FOUND 
Humilhados e Ofendidos   Fiodor Dostoievski,Humilhados+Ofendidos+Fiodor+Dostoievski,4.22
HUSSERL  Edmund. A Idéia da Fenomenologia,HUSSERL+Edmund.+Idéia+Fenomenologia,3.73
Identidade roubada   Chevy Stevens,Identidade+roubada+Chevy+Stevens,3.98
Ilha de Helice   Julio Verne,Ilha+Helice+Julio+Verne, 0 XXX BOOK NOT FOUND 
ILLICH  I. Sociedade sem escolas,ILLICH+Sociedade+escolas,4.07
Implante   F. Paul Wilson,Implante+Paul+Wilson,3.77
Imposto de Renda na Bolsa   4edb 1,Imposto+Renda+Bolsa+4edb, 0 XXX BOOK NOT FOUND 
Inferno   Max Hastings,Inferno+Hastings,4.33
Infinita   Jodi Meadows,Infinita+Jodi+Meadows,4.05
Ingles em 50 Aulas   Ben Parry Davies,Ingles+Aulas+Parry+Davies, 0 XXX BOOK NOT FOUND 
Ingles na Ponta da Lingua   Denilso de Lima (1),Ingles+Ponta+Lingua+Denilso+Lima, 0 XXX no there status  
Ingles Fluente 3 em 1  Fluent Leonardo,Ingles+Fluente+Fluent+Leonardo, 0 XXX BOOK NOT FOUND 
inovacao a arte de steve jobs tivh,inovacao+arte+steve+jobs+tivh, 0 XXX BOOK NOT FOUND 
Inquisição   O Reinado do Medo   Toby Green,Inquisição+Reinado+Medo+Toby+Green,3.43
Insonia   Stephen King,Insonia+Stephen+King,3.81
Instalação Artística   conceito e interação,Instalação+Artística+conceito+interação, 0 XXX BOOK NOT FOUND 
Inteligencia Emocional    Daniel Goleman  PhD,Inteligencia+Emocional+Daniel+Goleman, 0 XXX no there status  
inteligencia competitiva 1211676671279214 9,inteligencia+competitiva+1211676671279214, 0 XXX BOOK NOT FOUND 
inteligencia emocional daniel goleman3,inteligencia+emocional+daniel+goleman3, 0 XXX BOOK NOT FOUND 
Interpretao de Textos e Semntica para Concursos  Pedro Henrique,Interpretao+Textos+Semntica+para+Concursos+Pedro+Henrique, 0 XXX BOOK NOT FOUND 
Interviews Questions Analysis,Interviews+Questions+Analysis,3.68
Intocavel   Randall Sullivan (2),Intocavel+Randall+Sullivan,3.75
Introduction to Algorithms,Introduction+Algorithms,4.32
Introdução a Análise Técnica,Introdução+Análise+Técnica, 0 XXX no there status  
Introdução aos fundos de investimento Imobiliários,Introdução+fundos+investimento+Imobiliários,4.24
Investimentos inteligentes   Gustavo Cerbasi,Investimentos+inteligentes+Gustavo+Cerbasi,3.94
Investimentos  Os segredos de George Soros e Warren Buffett   Mark Tier 1,Investimentos+segredos+George+Soros+Warren+Buffett+Mark+Tier,4.04
Investindo em Ações no Longo Prazo,Investindo+Ações+Longo+Prazo, 0 XXX no there status  
Invictus   Conquistando o Inimi   John Carlin,Invictus+Conquistando+Inimi+John+Carlin, 0 XXX BOOK NOT FOUND 
Iscas   J. Kent Messum,Iscas+Kent+Messum,3.40
It  A coisa   Stephen King (1),coisa+Stephen+King,4.23
J. Carvalho   Xadrez sem Mestre,Carvalho+Xadrez+Mestre, 0 XXX BOOK NOT FOUND 
Jantar secreto   Raphael Montes,Jantar+secreto+Raphael+Montes,4.17
Java EE 8 Recipes  2nd Edition,Java+Recipes+Edition, 0 XXX no there status  
java ee 8 development eclipse 3rd,java+development+eclipse,3.02
Jogador Nº 1   Ernest Cline,Jogador+Ernest+Cline,4.28
Jogando Xadrez Com os Anjos   Fabiane Ribeiro,Jogando+Xadrez+Anjos+Fabiane+Ribeiro, 0 XXX no there status  
Jogo Perigoso   Stephen King,Jogo+Perigoso+Stephen+King,3.50
Jogos Zumbi   Kristen Middleton,Jogos+Zumbi+Kristen+Middleton, 0 XXX no there status  
John C Maxwell   O coraçao e a mente do lider 21790922,John+Maxwell+coraçao+mente+lider+21790922, 0 XXX BOOK NOT FOUND 
John C. Maxwell   As 21 Indispensaveis Qualidade de um lider,John+Maxwell+Indispensaveis+Qualidade+lider,4.17
John C. Maxwell   Lider De 360º,John+Maxwell+Lider+360º,4.14
John C. Maxwell   O Sucesso de Amanha Começa Hoje,John+Maxwell+Sucesso+Amanha+Começa+Hoje,4.15
John C. Maxwell   O Sucesso Está em Você,John+Maxwell+Sucesso+Está+Você, 0 XXX no there status  
John Sonmez Soft Skills  The software developer's life manual Manning Publications (2014),John+Sonmez+Soft+Skills+software+developer's+life+manual+Manning+Publications+(2014), 0 XXX BOOK NOT FOUND 
Jose de Souza Vieira Contos e faz de conta,Jose+Souza+Vieira+Contos+conta, 0 XXX BOOK NOT FOUND 
Joyland   Stephen King,Joyland+Stephen+King,3.91
Juntos para sempre   Walcyr Carrasco,Juntos+para+sempre+Walcyr+Carrasco, 0 XXX no there status  
Juros  moeda e ortodoxia   Andre Lara Resende,Juros+moeda+ortodoxia+Andre+Lara+Resende, 0 XXX no there status  
K. Siva Prasad Reddy Beginning Spring Boot 2  Applications and Microservices with the Spring Framework Apress (2017),Siva+Prasad+Reddy+Beginning+Spring+Boot+Applications+Microservices+with+Spring+Framework+Apress+(2017), 0 XXX BOOK NOT FOUND 
KOSELLECK  R. Crítica e Crise   uma contribuição à  patogênese do mundo burguês,KOSELLECK+Crítica+Crise+contribuição+patogênese+mundo+burguês, 0 XXX no there status  
KOSELLECK  R. Futuro Passado   constribuição à semântica dos tempos históricos.,KOSELLECK+Futuro+Passado+constribuição+semântica+tempos+históricos., 0 XXX BOOK NOT FOUND 
KOYRÉ  Alexandre. Do Mundo Fechado ao Universo Infinito,KOYRÉ+Alexandre.+Mundo+Fechado+Universo+Infinito,3.93
KOYRÉ  Alexandre. Galileu e Platão,KOYRÉ+Alexandre.+Galileu+Platão, 0 XXX no there status  
KUHN  Thomas. A Estrutura das Revoluções Científicas,KUHN+Thomas.+Estrutura+Revoluções+Científicas,4.00
KÜBLER ROSS  Elisabeth. Sobre a Morte e o Morrer,KÜBLER+ROSS+Elisabeth.+Sobre+Morte+Morrer,4.16
La guerra secreta   Max Hastings,guerra+secreta+Hastings,3.86
LACAPRA  D. Emile Durkheim   sociologist and philosopher [em inglês],LACAPRA+Emile+Durkheim+sociologist+philosopher+inglês], 0 XXX BOOK NOT FOUND 
Lacos do Espirito   Academia de   Richelle Mead,Lacos+Espirito+Academia+Richelle+Mead,4.36
Lacrimae Rerum   Slavoj Zizek,Lacrimae+Rerum+Slavoj+Zizek,3.92
Ladroes de Sonhos   Maggie Stiefvater,Ladroes+Sonhos+Maggie+Stiefvater,4.27
LATOUR  Bruno. Ciência em Ação   Como seguir cientistas sociedade afora,LATOUR+Bruno.+Ciência+Ação+Como+seguir+cientistas+sociedade+afora,3.99
LATOUR  Bruno. Jamais Fomos Modernos,LATOUR+Bruno.+Jamais+Fomos+Modernos,3.94
LATOUR  Bruno. Políticas da Natureza   Como fazer ciência na democracia,LATOUR+Bruno.+Políticas+Natureza+Como+fazer+ciência+democracia,3.77
LATOUR  Bruno. Reassembling the Social,LATOUR+Bruno.+Reassembling+Social,4.00
LATOUR  Bruno. Reflexão Sobre o Culto Moderno dos Deuses Fe(i)tiches,LATOUR+Bruno.+Reflexão+Sobre+Culto+Moderno+Deuses+Fe(i)tiches,3.96
LATOUR  Bruno  WOOLGAR  Steve. A Vida de Laboratório,LATOUR+Bruno+WOOLGAR+Steve.+Vida+Laboratório,3.86
Laços Inseparáveis   Emily Giffin,Laços+Inseparáveis+Emily+Giffin,3.88
LE GOFF  J. Por amor as cidades   conversações com Jean Lebrun (1),GOFF+amor+cidades+conversações+Jean+Lebrun, 0 XXX no there status  
Learning Spring Boot 2.0   Second Edition,Learning+Spring+Boot+Second+Edition, 0 XXX no there status  
Lei do Inquilinato   Comentada Artigo por Artigo   Luiz Antonio Scavone Junior e Tatiana Bonatti Peres   2017,Inquilinato+Comentada+Artigo+Artigo+Luiz+Antonio+Scavone+Junior+Tatiana+Bonatti+Peres+2017, 0 XXX BOOK NOT FOUND 
Lembrancas de uma noite   Ellery Trammel (1),Lembrancas+noite+Ellery+Trammel, 0 XXX no there status  
Lenda Sombria   Christine Feehan,Lenda+Sombria+Christine+Feehan, 0 XXX BOOK NOT FOUND 
Lenira Almeida Heck A Borboleta Azul,Lenira+Almeida+Heck+Borboleta+Azul, 0 XXX no there status  
Lenira Almeida Heck No Reino das Letras Felizes(1),Lenira+Almeida+Heck+Reino+Letras+Felizes(1), 0 XXX no there status  
Lenira Almeida Heck No Reino das Letras Felizes,Lenira+Almeida+Heck+Reino+Letras+Felizes, 0 XXX no there status  
Lenira Almeida Heck O Peixinho e o Gato,Lenira+Almeida+Heck+Peixinho+Gato, 0 XXX no there status  
Lenira Almeida Heck O Ratinho Roi Roi,Lenira+Almeida+Heck+Ratinho, 0 XXX no there status  
Levada ao Entardecer   C.C. Hunter,Levada+Entardecer+C.C.+Hunter,4.32
Lider Empreendedor   Dave Ramsey,Lider+Empreendedor+Dave+Ramsey,4.20
Lido Mindset    A Atitude  Mental  para  o  Sucesso,Lido+Mindset+Atitude+Mental+para+Sucesso, 0 XXX BOOK NOT FOUND 
Lincoln   Doris Kearns Goodwin,Lincoln+Doris+Kearns+Goodwin,4.28
LIPOVETSKY  Gilles. A era do vazio,LIPOVETSKY+Gilles.+vazio,3.90
LIPOVETSKY  Gilles. Os Tempos Hipermodernos,LIPOVETSKY+Gilles.+Tempos+Hipermodernos,4.10
Lirio azul   Maggie Stiefvater,Lirio+azul+Maggie+Stiefvater,4.31
LIVRO   PRODUTIVIDADE PARA QUEM QUER TEMPO   GERONIMO THEML,LIVRO+PRODUTIVIDADE+PARA+QUEM+QUER+TEMPO+GERONIMO+THEML, 0 XXX BOOK NOT FOUND 
Livro A Politica   Aristoteles,Livro+Politica+Aristoteles, 0 XXX BOOK NOT FOUND 
LIVRO BALAS BOMBONS E CARAMELOS,LIVRO+BALAS+BOMBONS+CARAMELOS, 0 XXX BOOK NOT FOUND 
LIVRO BRUNA E A GALINHA D ANGOLA,LIVRO+BRUNA+GALINHA+ANGOLA, 0 XXX BOOK NOT FOUND 
LIVRO CONTANDO COM O RELOGIO(1),LIVRO+CONTANDO+RELOGIO(1), 0 XXX no there status  
LIVRO CONTANDO COM O RELOGIO,LIVRO+CONTANDO+RELOGIO, 0 XXX BOOK NOT FOUND 
livro Cores aromas e sabores (1),livro+Cores+aromas+sabores, 0 XXX BOOK NOT FOUND 
livro Cores aromas e sabores,livro+Cores+aromas+sabores, 0 XXX BOOK NOT FOUND 
Livro de Receitas A,Livro+Receitas, 0 XXX no there status  
LIVRO MARIA VAI COM AS OUTRAS.enc,LIVRO+MARIA+OUTRAS.enc, 0 XXX BOOK NOT FOUND 
LIVRO VIVIANA A RAINHA DO PIJAMA,LIVRO+VIVIANA+RAINHA+PIJAMA, 0 XXX BOOK NOT FOUND 
LIVRO CABE NA MALA 2,LIVRO+CABE+MALA, 0 XXX BOOK NOT FOUND 
livro umahistriadepscoa anamariamachado 170414152520,livro+umahistriadepscoa+anamariamachado+170414152520, 0 XXX BOOK NOT FOUND 
livro receitas docinhos,livro+receitas+docinhos, 0 XXX BOOK NOT FOUND 
livro receitas tradicionais,livro+receitas+tradicionais, 0 XXX no there status  
Lobos de Calla   Stephen King,Lobos+Calla+Stephen+King,4.18
Lolita   Vladimir Nabokov,Lolita+Vladimir+Nabokov,3.89
Longman English Grammar,Longman+English+Grammar,4.07
LOUSADA  F. Dicionário Hieroglifo Português,LOUSADA+Dicionário+Hieroglifo+Português, 0 XXX BOOK NOT FOUND 
Love   A Historia De Lisey   Stephen King,Love+Historia+Lisey+Stephen+King,3.67
Lugar Nenhum   Neil Gaiman,Lugar+Nenhum+Neil+Gaiman,4.18
Lugares Escuros   Gillian Flynn (1),Lugares+Escuros+Gillian+Flynn,3.93
Luiz Fernando Ayerbe   A Revolução Cubana (2004  Unesp),Luiz+Fernando+Ayerbe+Revolução+Cubana+(2004+Unesp), 0 XXX BOOK NOT FOUND 
LUMINOTECNICO,LUMINOTECNICO, 0 XXX BOOK NOT FOUND 
LÉVINAS  E. Entre nós   ensaios sobre a alteridade,LÉVINAS+Entre+ensaios+sobre+alteridade,4.30
LÉVY  Pierre. As Tecnologias da Inteligência,LÉVY+Pierre.+Tecnologias+Inteligência,3.86
LÉVY  Pierre. Cibercultura,LÉVY+Pierre.+Cibercultura,3.74
LÉVY  Pierre. O Que é o Virtual,LÉVY+Pierre.+Virtual,3.89
M. S. Cortella   Por que fazemos o que fazemos,Cortella+fazemos+fazemos,3.75
Mago e Vidro   Stephen King,Mago+Vidro+Stephen+King,4.25
Maigret Sai em Viagem   Georges Simenon,Maigret+Viagem+Georges+Simenon,3.69
Mais Dinheiro   Gustavo Cerbasi,Mais+Dinheiro+Gustavo+Cerbasi,3.64
Mais Escuro   E L James,Mais+Escuro+James,3.85
Mais Esperto que o Diabo   Napoleon Hill,Mais+Esperto+Diabo+Napoleon+Hill,4.38
Mais Rapido e Melhor   Charles Duhigg,Mais+Rapido+Melhor+Charles+Duhigg,3.92
Make It Stick   Peter C Brown,Make+Stick+Peter+Brown,4.21
MALERBA  J. O Brasil Imperial (1),MALERBA+Brasil+Imperial, 0 XXX no there status  
Mallanaga Vatsyayana   Kama Sutra,Mallanaga+Vatsyayana+Kama+Sutra,3.50
Mamma Mia   Daniel Couri,Mamma+Daniel+Couri, 0 XXX no there status  
Managing Humans  Biting and Humorous Tales of a Software Engineering Manager ( PDFDrive.com ),Managing+Humans+Biting+Humorous+Tales+Software+Engineering+Manager+PDFDrive.com, 0 XXX BOOK NOT FOUND 
MANN  Thomas. A Montanha Mágica,MANN+Thomas.+Montanha+Mágica,4.14
Manual da Psicologia Organizacional   CRP 08,Manual+Psicologia+Organizacional, 0 XXX BOOK NOT FOUND 
Manual de persuasao do FBI   Jack Shafer,Manual+persuasao+Jack+Shafer,3.77
Manual do CEO   Josh Kaufman,Manual+Josh+Kaufman,4.06
Manual de Xadrez DFE 2018,Manual+Xadrez+2018, 0 XXX BOOK NOT FOUND 
Manuel Pinto A menina que queria a lua,Manuel+Pinto+menina+queria, 0 XXX BOOK NOT FOUND 
Mar da Tranquilidade   Katja Millay,Tranquilidade+Katja+Millay,4.32
Marcados para sempre   Helena Hunting,Marcados+para+sempre+Helena+Hunting,4.24
Marcelo Marmelo Martelo   Ruth Rocha,Marcelo+Marmelo+Martelo+Ruth+Rocha,4.18
Marco Antonio Villa   Collor Presidente,Marco+Antonio+Villa+Collor+Presidente, 0 XXX no there status  
Mares de Sangue   Aventuras Fan   Ian Livingstone,Mares+Sangue+Aventuras+Livingstone, 0 XXX BOOK NOT FOUND 
MARIDO RICO,MARIDO+RICO, 0 XXX no there status  
Mario Novello   Máquina do Tempo   Um Olhar Científico,Mario+Novello+Máquina+Tempo+Olhar+Científico, 0 XXX BOOK NOT FOUND 
Marley   Eu   John Grogan,Marley+John+Grogan,4.13
MARX  Karl  ENGELS  Friedrich   Manifesto Comunista,MARX+Karl+ENGELS+Friedrich+Manifesto+Comunista,3.54
Mastering TypeScript (2017),Mastering+TypeScript+(2017), 0 XXX BOOK NOT FOUND 
Matematica Lúdica   Leon Battista Alberti,Matematica+Lúdica+Leon+Battista+Alberti, 0 XXX no there status  
Matrix   Bem vindo ao Deserto do Real   William Irwin,Matrix+vindo+Deserto+Real+William+Irwin,3.91
Matéria e Pensamento   Jean Pierre Changeux e Alain Connes,Matéria+Pensamento+Jean+Pierre+Changeux+Alain+Connes, 0 XXX BOOK NOT FOUND 
Matéria Escura   Blake Crouch,Matéria+Escura+Blake+Crouch,4.10
Mauricio   A História Que Não Está no Gibi   Mauricio de Sousa,Mauricio+História+Está+Gibi+Mauricio+Sousa,4.51
Me Chame Pelo Seu Nome   Andre Aciman (1),Chame+Pelo+Nome+Andre+Aciman,4.28
Me Chame Pelo Seu Nome   Andre Aciman,Chame+Pelo+Nome+Andre+Aciman,4.28
Me Poupe!   Nathalia Arcuri,Poupe!+Nathalia+Arcuri,4.18
Meio Sol Amarelo   Chimamanda Ngozi Adichie,Meio+Amarelo+Chimamanda+Ngozi+Adichie,4.31
Memorias de um Exorcista   Padre Gabriele Amorth,Memorias+Exorcista+Padre+Gabriele+Amorth, 0 XXX BOOK NOT FOUND 
Memorias de um Vendedor de Mulh   Giorgio Faletti,Memorias+Vendedor+Mulh+Giorgio+Faletti, 0 XXX BOOK NOT FOUND 
Menina bonita do laço de fita,Menina+bonita+laço+fita,4.25
Meninos de Ouro   Daniel James Brown,Meninos+Ouro+Daniel+James+Brown,4.35
Mentes Brilhantes   Alberto Del Isola,Mentes+Brilhantes+Alberto+Isola, 0 XXX BOOK NOT FOUND 
Mentiram para mim sobre o desar   Flavio Quintela,Mentiram+para+sobre+desar+Flavio+Quintela, 0 XXX BOOK NOT FOUND 
MERLEAU PONTY  M. Conversas,MERLEAU+PONTY+Conversas, 0 XXX no there status  
MERLEAU PONTY  M. Fenomenologia da Percepção,MERLEAU+PONTY+Fenomenologia+Percepção,4.15
MERLEAU PONTY  M. Signos,MERLEAU+PONTY+Signos,4.30
Meu Amigo quer Saber,Amigo+quer+Saber, 0 XXX no there status  
Meu Nome e Memoria   Ann Brashares (2),Nome+Memoria+Brashares,3.71
Michael Feathers Working Effectively with Legacy Code Prentice Hall (2004),Michael+Feathers+Working+Effectively+with+Legacy+Code+Prentice+Hall+(2004), 0 XXX BOOK NOT FOUND 
Michael Foucault   Ditos e Escritos III   Estética  Literatura e Pintura  Música e Cinema1,Michael+Foucault+Ditos+Escritos+Estética+Literatura+Pintura+Música+Cinema1, 0 XXX BOOK NOT FOUND 
Michel de Certeau   A invenção do cotidiano   Artes de fazer,Michel+Certeau+invenção+cotidiano+Artes+fazer,4.09
Miguel Strogoff   Julio Verne,Miguel+Strogoff+Julio+Verne, 0 XXX no there status  
Mindset   A Nova Psicologia do Sucesso   Carol Dweck,Mindset+Nova+Psicologia+Sucesso+Carol+Dweck,4.07
Mindset  A nova psicologia do sucesso   Carol Dweck (1),Mindset+nova+psicologia+sucesso+Carol+Dweck,4.07
Minha Breve Historia   Stephen Hawking,Minha+Breve+Historia+Stephen+Hawking,3.59
Minha Metade Silenciosa   Andrew Smith,Minha+Metade+Silenciosa+Andrew+Smith,4.10
miriam cremonese chapeuzinho vermelho e o bafo do lobo,miriam+cremonese+chapeuzinho+vermelho+bafo+lobo, 0 XXX BOOK NOT FOUND 
Mirian Goldenberg   Coroas  Corpo  Envelhecimento  Casamento e Infidelidade,Mirian+Goldenberg+Coroas+Corpo+Envelhecimento+Casamento+Infidelidade, 0 XXX no there status  
Misery  louca obsessao   Stephen King,Misery+louca+obsessao+Stephen+King,4.15
Monstros a luz do dia   Sarah Dalton,Monstros+Sarah+Dalton, 0 XXX BOOK NOT FOUND 
Monteiro Lobato   A chave do tamanho,Monteiro+Lobato+chave+tamanho,4.19
Monteiro Lobato   A Reforma da Natura,Monteiro+Lobato+Reforma+Natura, 0 XXX BOOK NOT FOUND 
Monteiro Lobato   As aventuras de Hans Soller,Monteiro+Lobato+aventuras+Hans+Soller, 0 XXX BOOK NOT FOUND 
Monteiro Lobato   As aventuras do Principe,Monteiro+Lobato+aventuras+Principe, 0 XXX BOOK NOT FOUND 
Monteiro Lobato   Caçadas de Pedrinho,Monteiro+Lobato+Caçadas+Pedrinho,4.06
Monteiro Lobato   Fábulas,Monteiro+Lobato+Fábulas,4.16
Monteiro Lobato   Gato Félix,Monteiro+Lobato+Gato+Félix, 0 XXX BOOK NOT FOUND 
Monteiro Lobato   Narizinho Arrebitado,Monteiro+Lobato+Narizinho+Arrebitado, 0 XXX no there status  
Monteiro Lobato   O macaco que se fez homem,Monteiro+Lobato+macaco+homem, 0 XXX no there status  
Monteiro Lobato   O Marquês de Rabicó,Monteiro+Lobato+Marquês+Rabicó, 0 XXX BOOK NOT FOUND 
Monteiro Lobato   O Pica Pau Amarelo,Monteiro+Lobato+Pica+Amarelo, 0 XXX no there status  
MORAES  M. (org). História oral   desafios para o século XXI.,MORAES+(org).+História+oral+desafios+para+século+XXI., 0 XXX BOOK NOT FOUND 
MORIN  Edgar. A cabeça bem feita,MORIN+Edgar.+cabeça+feita,3.84
MORIN  Edgar. Amor  poesia  sabedoria,MORIN+Edgar.+Amor+poesia+sabedoria, 0 XXX no there status  
MORIN  Edgar. Ciência com Consciência,MORIN+Edgar.+Ciência+Consciência, 0 XXX no there status  
MORIN  Edgar. Educar na Era Planetária,MORIN+Edgar.+Educar+Planetária, 0 XXX no there status  
MORIN  Edgar. O Método I   A Natureza da Natureza,MORIN+Edgar.+Método+Natureza+Natureza,4.35
MORIN  Edgar. Os sete saberes necessários à educação do futuro,MORIN+Edgar.+sete+saberes+necessários+educação+futuro,3.94
MORO,MORO,4.05
Morra Por Mim   Amy Plum,Morra+Plum,3.99
Morte em Terra Estrangeira   Donna Leon,Morte+Terra+Estrangeira+Donna+Leon,3.88
Morte Na Lua de Mel   Jaden Skye,Morte+Jaden+Skye,3.41
Morte no buraco negro  E outros   Neil deGrasse Tyson,Morte+buraco+negro+outros+Neil+deGrasse+Tyson,4.11
Morte Súbita   J. K. Rowling,Morte+Súbita+Rowling,3.29
Mulheres   Charles Bukowski,Mulheres+Charles+Bukowski,3.87
Mundo de Tinta   Contos   Cornelia Funke,Mundo+Tinta+Contos+Cornelia+Funke,3.60
Mundos Paralelos   Michio Kaku,Mundos+Paralelos+Michio+Kaku,4.18
Murphy R. English Grammar in Use. 2012 4 ed.,Murphy+English+Grammar+Use.+2012, 0 XXX BOOK NOT FOUND 
Murphy English Grammar in Use with Answers 3edition HQ[1],Murphy+English+Grammar+with+Answers+3edition+HQ[1], 0 XXX BOOK NOT FOUND 
Namoro Blindado ,Namoro+Blindado, 0 XXX no there status  
NANDA I 2018 2020,NANDA+2018+2020, 0 XXX no there status  
Nao Entre em Panico   Neil Gaiman,Entre+Panico+Neil+Gaiman,4.31
Napoleao   Uma Biografia Literaria   Alexandre Dumas,Napoleao+Biografia+Literaria+Alexandre+Dumas,3.70
Nascida a Meia Noite   C.C. Hunter,Nascida+Meia+Noite+C.C.+Hunter,4.12
NIANE  T. (ed). História geral da África  vol. IV,NIANE+(ed).+História+geral+África+vol., 0 XXX BOOK NOT FOUND 
Nietzsche e Para Alem de Bem e    Oswaldo Giacoia Junior,Nietzsche+Para+Alem+Oswaldo+Giacoia+Junior, 0 XXX no there status  
Nietzsche em 90 Minutos   Paul Strathern,Nietzsche+Minutos+Paul+Strathern,3.05
Nietzsche para estressados   Allan Percy,Nietzsche+para+estressados+Allan+Percy,3.45
NIKITIUK  Sônia L. (org). Repensando o ensino de história (1),NIKITIUK+Sônia+(org).+Repensando+ensino+história, 0 XXX BOOK NOT FOUND 
ninguem é igual a ninguem,ninguem+igual+ninguem, 0 XXX BOOK NOT FOUND 
Nos Bastidores Da Amazon   Richard L. Brandt,Bastidores+Amazon+Richard+Brandt,3.78
Novissima Gramatica da Língua Portuguesa   Cegalla,Novissima+Gramatica+Língua+Portuguesa+Cegalla, 0 XXX no there status  
Nunca fui Santo   Mauro Beting,Nunca+Santo+Mauro+Beting, 0 XXX no there status  
O bichinho da maça,bichinho+maça, 0 XXX no there status  
O bisavo e a dentadura,bisavo+dentadura, 0 XXX BOOK NOT FOUND 
O Brasil Antes dos Brasileiros   Andre Prous,Brasil+Antes+Brasileiros+Andre+Prous, 0 XXX no there status  
O Cair da Noite   Isaac Asimov e Robert Silverberg,Cair+Noite+Isaac+Asimov+Robert+Silverberg,4.04
O Capital de Marx   Uma Biografia   Francis Wheen,Capital+Marx+Biografia+Francis+Wheen,3.70
O Capital no Seculo XXI   Thomas Piketty (1),Capital+Seculo+Thomas+Piketty,4.04
O Cerebro de Alta Performance   Luiz Fernando Garcia,Cerebro+Alta+Performance+Luiz+Fernando+Garcia, 0 XXX no there status  
O Cerebro de Buda   Rick Hanson,Cerebro+Buda+Rick+Hanson,4.06
O Chefe,Chefe,3.98
O Cortico   Aluisio Azevedo,Cortico+Aluisio+Azevedo,3.74
O cérebro de alta performance,cérebro+alta+performance, 0 XXX no there status  
O Desafio Mental de 10 Dias    Anthony Robbins,Desafio+Mental+Dias+Anthony+Robbins, 0 XXX BOOK NOT FOUND 
O diario de Guantanamo   Mohamedou Ould Slahi,diario+Guantanamo+Mohamedou+Ould+Slahi,4.07
O DOMADOR DE MONSTROS,DOMADOR+MONSTROS, 0 XXX no there status  
O Efeito Facebook   David Kirkpatrick,Efeito+Facebook+David+Kirkpatrick,3.84
O Estilo Emocional do Cerebro     Richard J. Davidson,Estilo+Emocional+Cerebro+Richard+Davidson,3.92
O fim da pobreza   Jeffrey D. Sachs,pobreza+Jeffrey+Sachs,3.67
O Futuro da Mente   Michio Kaku,Futuro+Mente+Michio+Kaku,4.07
O Gene Egoista   Richard Dawkins,Gene+Egoista+Richard+Dawkins,4.13
O Genio do Crime   Joao Carlos Marinho,Genio+Crime+Joao+Carlos+Marinho,4.16
O Grande Livro das Coisas Horríveis   Matthew White,Grande+Livro+Coisas+Horríveis+Matthew+White,4.10
O Homem Mais Rico da Babilonia   George S. Clason,Homem+Mais+Rico+Babilonia+George+Clason, 0 XXX no there status  
O homem que amava caixas,homem+amava+caixas,4.19
O Homem que Matou Getulio Varga   Jo Soares,Homem+Matou+Getulio+Varga+Soares,3.71
O Hóspede de Drácula   Bram Stoker,Hóspede+Drácula+Bram+Stoker,3.74
O Investidor Inteligente   Benjamin Graham,Investidor+Inteligente+Benjamin+Graham,4.23
O JEITO PETER LYNCH DE INVESTIR   COMO UTI   PETER LYNCH%3b JOHN ROTHCHILD 1,JEITO+PETER+LYNCH+INVESTIR+COMO+PETER+LYNCH%3b+JOHN+ROTHCHILD,4.18
O Jogo Interior de Tênis,Jogo+Interior+Tênis, 0 XXX BOOK NOT FOUND 
O LEÃO SEM JUBA,LEÃO+JUBA,4.19
O Livro do Destino   Brad Meltzer,Livro+Destino+Brad+Meltzer,3.57
O Livro dos Insultos   H. L,Livro+Insultos, 0 XXX no there status  
O livro negro do empreendedor   Fernando Trías de Bes,livro+negro+empreendedor+Fernando+Trías,4.05
O livro que lia livros,livro+livros,4.47
O LOBO DA ESTEPE   HERMANN HESSE 1,LOBO+ESTEPE+HERMANN+HESSE,4.12
O Maniaco Do Circo   E o Menino que tinha Medo de Palhacos   Leonardo Barros,Maniaco+Circo+Menino+tinha+Medo+Palhacos+Leonardo+Barros, 0 XXX BOOK NOT FOUND 
O milagre da manha   Hal Elrod,milagre+manha+Elrod,3.97
O Mundo Assombrado Pelos Demônios   Carl Sagan,Mundo+Assombrado+Pelos+Demônios+Carl+Sagan,4.27
O Mundo Muçulmano  Peter Demant,Mundo+Muçulmano+Peter+Demant,3.67
O Par Perfeito   Nora Roberts,Perfeito+Nora+Roberts,4.11
O patinho feio,patinho+feio, 0 XXX no there status  
O Pequeno Príncipe   Antoine de Saint Exupéry (1),Pequeno+Príncipe+Antoine+Saint+Exupéry,4.30
O Pior Aluno da Escola – Manual completo  ilustrado  revisado e não recomendado para estudantes – Danilo Gentili,Pior+Aluno+Escola+Manual+completo+ilustrado+revisado+recomendado+para+estudantes+Danilo+Gentili, 0 XXX BOOK NOT FOUND 
O Pistoleiro   Stephen King,Pistoleiro+Stephen+King,3.96
O Poder do Habito   Charles Duhigg,Poder+Habito+Charles+Duhigg,4.08
O poder do Hábito,poder+Hábito,4.08
O Poder do Subconsciente   Joseph Murphy,Poder+Subconsciente+Joseph+Murphy,4.13
O Poço do Visconde   Monteiro Lobato,Poço+Visconde+Monteiro+Lobato,3.92
O Principe   Nicolau Maquiavel,Principe+Nicolau+Maquiavel,3.80
O Problema dos Três Corpos   Cixin Liu,Problema+Três+Corpos+Cixin,4.06
O Que a Vida me Ensinou   Mario Sergio Cortella,Vida+Ensinou+Mario+Sergio+Cortella,3.70
O Que Einstein Disse ao seu Coz   Robert L. Wolke,Einstein+Disse+Robert+Wolke,3.85
O Que o Governo Fez com o Nosso   Murray N. Rothbard,Governo+Nosso+Murray+Rothbard,4.25
O que realmente importa    Anderson Cavalcante,realmente+importa+Anderson+Cavalcante, 0 XXX no there status  
O reizinho da casa  Manual para   Gustavo Teixeira,reizinho+casa+Manual+para+Gustavo+Teixeira, 0 XXX no there status  
O Restaurante no Fim do Universo   Douglas Adams,Restaurante+Universo+Douglas+Adams,4.22
O SANDUICHE DA MARICOTA,SANDUICHE+MARICOTA, 0 XXX BOOK NOT FOUND 
O Segredo   Rhonda Byrne,Segredo+Rhonda+Byrne,3.66
O SEGREDO DO REI,SEGREDO,3.75
O Silencio Dos Inocentes   Thomas Harris,Silencio+Inocentes+Thomas+Harris,4.18
O Sol e Para Todos   Harper Lee,Para+Todos+Harper,4.27
O Sucesso e ser Feliz   Roberto Shinyashiki,Sucesso+Feliz+Roberto+Shinyashiki,3.81
O Teatro do Bem e do Mal   Eduardo Galeano,Teatro+Eduardo+Galeano,3.86
O Tesouro das Citações    Jim Rohn,Tesouro+Citações+Rohn, 0 XXX BOOK NOT FOUND 
O Timido Empreendedor Rafael Sigurdson,Timido+Empreendedor+Rafael+Sigurdson, 0 XXX no there status  
O Triangulo Das Bermudas   Charles Berlitz,Triangulo+Bermudas+Charles+Berlitz,3.23
O Vendedor de Sonhos   O Chamado,Vendedor+Sonhos+Chamado,3.61
O Vento pela Fechadura   Stephen King,Vento+pela+Fechadura+Stephen+King,4.15
O Chefe O Livro Proibido Sobre Lula Ivo Patarra,Chefe+Livro+Proibido+Sobre+Lula+Patarra, 0 XXX BOOK NOT FOUND 
O Diario de Anne Frank,Diario+Anne+Frank, 0 XXX no there status  
o diario de um mago paulo coelho,diario+mago+paulo+coelho,3.65
o guia do mochileiro das galaxias,guia+mochileiro+galaxias,4.22
o homem mais rico da babilonia george s clason 1,homem+mais+rico+babilonia+george+clason, 0 XXX no there status  
O reizinho mandao ruth rocha,reizinho+mandao+ruth+rocha, 0 XXX no there status  
o sucesso nao ocorre por acaso lair ribeiro,sucesso+ocorre+acaso+lair+ribeiro,3.79
olivroquequeriaserbrinquedo 140916150006 phpapp02(1),olivroquequeriaserbrinquedo+140916150006+phpapp02(1), 0 XXX BOOK NOT FOUND 
omeninoqueaprendeualer,omeninoqueaprendeualer, 0 XXX BOOK NOT FOUND 
On the Origins of Money 5,Origins+Money,3.92
Onde Nascem Os Genios   Eric Weiner,Onde+Nascem+Genios+Eric+Weiner,3.76
Onde os Homens Conquistam a Glória   Jon Krakauer,Onde+Homens+Conquistam+Glória+Krakauer,4.05
Onde os Velhos Nao Tem Vez   Cormac Mccarthy,Onde+Velhos+Cormac+Mccarthy,4.13
oreilly data analysis with open source tools nov 2010,oreilly+data+analysis+with+open+source+tools+2010, 0 XXX BOOK NOT FOUND 
Origens   Neil deGrasse Tyson,Origens+Neil+deGrasse+Tyson,4.15
Os 13 porques   Jay Asher,porques+Asher,3.96
Os Americanos   Antônio Pedro Tota,Americanos+Antônio+Pedro+Tota, 0 XXX no there status  
Os Arquivos Snowden   Luke Harding,Arquivos+Snowden+Luke+Harding,3.86
Os Bastidores do Wikileaks   Daniel Domscheit Berg,Bastidores+Wikileaks+Daniel+Domscheit+Berg,3.31
Os Chineses   Cláudia TREVISAN,Chineses+Cláudia+TREVISAN, 0 XXX no there status  
Os Doze Trabalhos de Hércules   Monteiro Lobato,Doze+Trabalhos+Hércules+Monteiro+Lobato,4.36
Os Espanhóis  Josep M. Buades,Espanhóis+Josep+Buades, 0 XXX no there status  
Os Fuzis e as Flechas   Rubens Valente,Fuzis+Flechas+Rubens+Valente, 0 XXX no there status  
Os Garotos Corvos   Maggie Stiefvater,Garotos+Corvos+Maggie+Stiefvater,4.06
Os Indianos  Florencia Costa,Indianos+Florencia+Costa, 0 XXX no there status  
Os Inovadores   Uma Biografia da Revolução Digital    Walter Isaacson,Inovadores+Biografia+Revolução+Digital+Walter+Isaacson,4.09
Os Iranianos   SAMY ADGHIRNI,Iranianos+SAMY+ADGHIRNI, 0 XXX no there status  
Os Italianos  João Fábio Bertonha,Italianos+João+Fábio+Bertonha, 0 XXX no there status  
Os Japoneses   Celia Sakurai,Japoneses+Celia+Sakurai, 0 XXX no there status  
OS MAIORES CRIMES DE TODOS OS T   Izabelle Valadares,MAIORES+CRIMES+TODOS+Izabelle+Valadares, 0 XXX no there status  
Os Navegadores do Seculo XVIII   Julio Verne,Navegadores+Seculo+XVIII+Julio+Verne, 0 XXX BOOK NOT FOUND 
OS PENSADORES   Vol. 46 (1999). Wittgenstein,PENSADORES+Vol.+(1999).+Wittgenstein, 0 XXX BOOK NOT FOUND 
OS PENSADORES   Vol. 48 3 (1996). Adorno,PENSADORES+Vol.+(1996).+Adorno, 0 XXX BOOK NOT FOUND 
Os Portugueses   Ana Silvia Scott,Portugueses+Silvia+Scott,3.99
Os Russos   Angelo SEGRILLO,Russos+Angelo+SEGRILLO, 0 XXX no there status  
Os Segredos Da Mente Milionaria   Eker T Harv,Segredos+Mente+Milionaria+Eker+Harv,4.18
Os segredos da mente milionaria   T. Harv Eker (1),segredos+mente+milionaria+Harv+Eker,4.18
Os Sertões   Euclides da Cunha,Sertões+Euclides+Cunha, 0 XXX no there status  
Os Simpsons e a Ciencia  O que   Paul Halpern,Simpsons+Ciencia+Paul+Halpern,3.66
o metodo comstop ,metodo+comstop, 0 XXX BOOK NOT FOUND 
O Passaro sem cor para site,Passaro+para+site, 0 XXX BOOK NOT FOUND 
Pablo Escobar   Juan Pablo Escobar,Pablo+Escobar+Juan+Pablo+Escobar,3.86
Pai Rico Pai pobre,Rico+pobre,3.62
Pai Rico  Pai Pobre   Robert T. Kiyosaki,Rico+Pobre+Robert+Kiyosaki,4.03
Patterns of Enterprise Application Architecture   Martin Fowler,Patterns+Enterprise+Application+Architecture+Martin+Fowler,4.11
Paulo Coelho   O Alquimista,Paulo+Coelho+Alquimista,3.85
peixe que brilha,peixe+brilha, 0 XXX BOOK NOT FOUND 
Pense Como um Freak  Como Pensa   Steven D. Levitt,Pense+Como+Freak+Como+Pensa+Steven+Levitt, 0 XXX BOOK NOT FOUND 
Pense e Enriqueca   Napoleon Hill,Pense+Enriqueca+Napoleon+Hill,4.18
Peter Banker   Neymar O Sonho Brasileiro,Peter+Banker+Neymar+Sonho+Brasileiro, 0 XXX BOOK NOT FOUND 
Peter Pan   Monteiro Lobato,Peter+Monteiro+Lobato,3.81
Phoenix Rockstar  Biker Rockstar Series ,Phoenix+Rockstar+Biker+Rockstar+Series,3.86
PIAGET  Jean. O Estruturalismo,PIAGET+Jean.+Estruturalismo, 0 XXX BOOK NOT FOUND 
PIAGET  Jean. Sabedoria e Ilusões da Filosofia,PIAGET+Jean.+Sabedoria+Ilusões+Filosofia, 0 XXX no there status  
PINSKY  C. Estudos de gênero e história social,PINSKY+Estudos+gênero+história+social, 0 XXX BOOK NOT FOUND 
Pipo Fifi,Pipo+Fifi, 0 XXX no there status  
planning and managing your work based project,planning+managing+your+work+based+project, 0 XXX BOOK NOT FOUND 
PNL Programacao Neurolinguistic   Steve Andreas,Programacao+Neurolinguistic+Steve+Andreas, 0 XXX BOOK NOT FOUND 
POCOCK  J. Introd.  O conceito de linguagem e o métier d historlen  Virtudes  direitos e maneiras  In Linguagens do Ideário Político. SP Edusp  2003. p. 9  99,POCOCK+Introd.+conceito+linguagem+métier+historlen+Virtudes+direitos+maneiras+Linguagens+Ideário+Político.+Edusp+2003., 0 XXX BOOK NOT FOUND 
Pode Quem Pensa Que Pode   Lauro Trevisan,Pode+Quem+Pensa+Pode+Lauro+Trevisan, 0 XXX no there status  
POE  Edgar Allan. A queda da casa de Usher (1),Edgar+Allan.+queda+casa+Usher,4.15
Poker   A Essencia do Texas Hol   Carlos Mavca,Poker+Essencia+Texas+Carlos+Mavca, 0 XXX no there status  
Politica para nao ser idiota   Mario Sergio Cortella,Politica+para+idiota+Mario+Sergio+Cortella,3.71
POPPER  Karl. A Lógica da Pesquisa Científica,POPPER+Karl.+Lógica+Pesquisa+Científica,4.02
POPPER  Karl. A Miséria do Historicismo,POPPER+Karl.+Miséria+Historicismo,3.87
POPPER  Karl. Lógica das Ciências Sociais,POPPER+Karl.+Lógica+Ciências+Sociais,4.02
Por Que a Evolução é Uma Verdade   Jerry A,Evolução+Verdade+Jerry,4.17
Por Que as Pessoas Acreditam em Coisas Estranhas   Michael Shermer,Pessoas+Acreditam+Coisas+Estranhas+Michael+Shermer,3.87
Por Que Fazemos O Que Fazemos    Mario Sergio Cortella (2),Fazemos+Fazemos+Mario+Sergio+Cortella,3.75
Por que o Brasil e um Pais Atrasado   Luiz Philippe de Orleans e Brag,Brasil+Pais+Atrasado+Luiz+Philippe+Orleans+Brag, 0 XXX BOOK NOT FOUND 
Porque Não Sou Cristão   Bertrand Russell,Porque+Cristão+Bertrand+Russell,4.02
Praticamente Inofensiva   Douglas Adams,Praticamente+Inofensiva+Douglas+Adams,3.97
Prato Sujo   Como a Indústria Manipula os Alimentos para Viciar Você   Marcia Kedouk,Prato+Sujo+Como+Indústria+Manipula+Alimentos+para+Viciar+Você+Marcia+Kedouk, 0 XXX no there status  
Precisamos Falar Sobre o Kevin   Lionel Shriver,Precisamos+Falar+Sobre+Kevin+Lionel+Shriver,4.08
Preview Hibernate Tips More than 70 solutions to common Hibernate problems,Preview+Hibernate+Tips+More+than+solutions+common+Hibernate+problems, 0 XXX BOOK NOT FOUND 
Privatize Ja   Rodrigo Constantino,Privatize+Rodrigo+Constantino,3.99
Pro JPA 2 in Java EE 8  3rd Edition,Java+Edition, 0 XXX no there status  
Problem Solving in Data Structures & Algorithms Using Java,Problem+Solving+Data+Structures+Algorithms+Using+Java, 0 XXX no there status  
Procedimento Operacional Padrão   Philip Gourevitch,Procedimento+Operacional+Padrão+Philip+Gourevitch,3.90
Product Leadership  How Top Product Managers Launch Awesome Products and Build Successful Teams ( PDFDrive.com ),Product+Leadership+Product+Managers+Launch+Awesome+Products+Build+Successful+Teams+PDFDrive.com, 0 XXX BOOK NOT FOUND 
Produtividade Para Quem Quer Te   Geronimo Theml 1 watermark,Produtividade+Para+Quem+Quer+Geronimo+Theml+watermark, 0 XXX BOOK NOT FOUND 
Produtividade Para Quem Quer Te   Geronimo Theml,Produtividade+Para+Quem+Quer+Geronimo+Theml, 0 XXX no there status  
Programming Pearls (Second Edition Jon Bentley),Programming+Pearls+(Second+Edition+Bentley), 0 XXX BOOK NOT FOUND 
Projeto Pedagógico Tem Bicho no Circo,Projeto+Pedagógico+Bicho+Circo, 0 XXX BOOK NOT FOUND 
Prosperidade    Dr. Lair Ribeiro  ,Prosperidade+Lair+Ribeiro, 0 XXX no there status  
Prosperidade   Fazendo Amizade Com O Dinhe   Lair Ribeiro,Prosperidade+Fazendo+Amizade+Dinhe+Lair+Ribeiro, 0 XXX BOOK NOT FOUND 
Prosperidade sem Crescimento   Tim Jackson,Prosperidade+Crescimento+Jackson,3.88
PSICOLOGIA E COMPORTAMENTO ORGANIZACIONAL   Webaula Fanese,PSICOLOGIA+COMPORTAMENTO+ORGANIZACIONAL+Webaula+Fanese, 0 XXX BOOK NOT FOUND 
Psicologia Jurídica   Textos 1 e 2,Psicologia+Jurídica+Textos, 0 XXX no there status  
Psicologia Organizações e Trabalho no Brasil    Antonio Virgílio Bittencourt Bastos  Jairo Eduardo Borges Andrade e José Carlos Zanelli,Psicologia+Organizações+Trabalho+Brasil+Antonio+Virgílio+Bittencourt+Bastos+Jairo+Eduardo+Borges+Andrade+José+Carlos+Zanelli, 0 XXX no there status  
Psicologia Positiva Para Dummies   Averil Leimon,Psicologia+Positiva+Para+Dummies+Averil+Leimon,3.74
Put some farofa   Gregorio Duvivier,some+farofa+Gregorio+Duvivier,3.91
python for everybody exploring datas,python+everybody+exploring+datas,4.32
quando me sinto triste,quando+sinto+triste,4.28
quandomesinto assustado,quandomesinto+assustado, 0 XXX BOOK NOT FOUND 
quandomesinto zangado ,quandomesinto+zangado, 0 XXX BOOK NOT FOUND 
Quebrando o Codigo Da Vinci   Darrell L,Quebrando+Codigo+Vinci+Darrell,3.22
Quem e voce  Alasca   John Green,Quem+voce+Alasca+John+Green,4.05
Quem Mexeu no Meu Queijo    Spencer Johnson,Quem+Mexeu+Queijo+Spencer+Johnson,3.78
Quem tem medo do ridículo ,Quem+medo+ridículo, 0 XXX no there status  
quiet the power of introverts in a world that cant stop talking susan cain,quiet+power+introverts+world+that+cant+stop+talking+susan+cain, 0 XXX BOOK NOT FOUND 
Rapido e devagar  Duas formas d   Daniel Kahneman,Rapido+devagar+Duas+formas+Daniel+Kahneman,4.13
RAWLS  J. A Theory of Justice,RAWLS+Theory+Justice,3.93
RAWLS  J. Justiça e Democracia,RAWLS+Justiça+Democracia, 0 XXX BOOK NOT FOUND 
RAWLS  J. Uma Teoria da Justiça,RAWLS+Teoria+Justiça,3.93
RAWLS  John. Liberalismo Político,RAWLS+John.+Liberalismo+Político,3.91
RD   Ice Planet Barbarians 02   Barbarian Alien ,Planet+Barbarians+Barbarian+Alien,3.97
RD   Ice Planet Barbarians 03   Barbarian Lover,Planet+Barbarians+Barbarian+Lover,4.03
RD   Ice Planet Barbarians 05   Vera,Planet+Barbarians+Vera, 0 XXX BOOK NOT FOUND 
RD   Ice Planet Barbarians 09   Ice Ice Babies ,Planet+Barbarians+Babies,3.98
RD   Ice Planet Barbarians 11   Calm.en,Planet+Barbarians+Calm.en, 0 XXX BOOK NOT FOUND 
RD   Ice Planet Barbarians 13   After Shocks ,Planet+Barbarians+After+Shocks, 0 XXX BOOK NOT FOUND 
Redação   A dissertação argumentativa,Redação+dissertação+argumentativa, 0 XXX BOOK NOT FOUND 
Refactoring improving the design of existing code,Refactoring+improving+design+existing+code,4.23
Referencial basico de gestao de riscos WEB,Referencial+basico+gestao+riscos, 0 XXX BOOK NOT FOUND 
Regime de previdência  é hora de migrar   O guia definitivo para o servidor público federal sobre vantagens e desvantagens da migração para o regime d nodrm,Regime+previdência+hora+migrar+guia+definitivo+para+servidor+público+federal+sobre+vantagens+desvantagens+migração+para+regime+nodrm, 0 XXX BOOK NOT FOUND 
Reinações de Narizinho   Monteiro Lobato,Reinações+Narizinho+Monteiro+Lobato,4.18
REIS FILHO  Aarão (org.). Versões e ficções   o sequestro da história,REIS+FILHO+Aarão+(org.).+Versões+ficções+sequestro+história, 0 XXX BOOK NOT FOUND 
REIS FILHO  D. As revoluções Russas,REIS+FILHO+revoluções+Russas, 0 XXX no there status  
REIS FILHO  Daniel Aarão  GASPARI  Elio  BENJAMIN  César. Versões e Ficções   O Seqüestro da História,REIS+FILHO+Daniel+Aarão+GASPARI+Elio+BENJAMIN+César.+Versões+Ficções+Seqüestro+História, 0 XXX BOOK NOT FOUND 
Relatorio Raio X Investidor PT,Relatorio+Raio+Investidor, 0 XXX BOOK NOT FOUND 
Resenha de A invenção do cotidiano.PDF,Resenha+invenção+cotidiano.PDF, 0 XXX BOOK NOT FOUND 
Resgatado   John Bevere,Resgatado+John+Bevere,4.04
Retiro macabro,Retiro+macabro,3.40
Revista Artes e Ensaios da UFRJ   Dossiê Aby Warburg,Revista+Artes+Ensaios+UFRJ+Dossiê+Warburg, 0 XXX BOOK NOT FOUND 
Richard Dawkins   Deus  um Delírio (COMPLETO),Richard+Dawkins+Deus+Delírio+(COMPLETO), 0 XXX BOOK NOT FOUND 
RICOEUR  P. A Metáfora Viva,RICOEUR+Metáfora+Viva,4.07
RICOEUR  P. Autobiografia Intelectual [em espanhol],RICOEUR+Autobiografia+Intelectual+espanhol], 0 XXX BOOK NOT FOUND 
RICOEUR  P. Hermeneutica e estruturalismo,RICOEUR+Hermeneutica+estruturalismo, 0 XXX BOOK NOT FOUND 
RICOEUR  P. Interpretação e Ideologias.,RICOEUR+Interpretação+Ideologias., 0 XXX no there status  
RICOEUR  P. Percurso do reconhecimento,RICOEUR+Percurso+reconhecimento,4.00
RICOEUR  P. Tempo e Narrativa  tomo I,RICOEUR+Tempo+Narrativa+tomo, 0 XXX BOOK NOT FOUND 
Riqueza das Nacoes   P.J. O Rourke,Riqueza+Nacoes+P.J.+Rourke, 0 XXX BOOK NOT FOUND 
RUSSELL  B. A autoridade e o indivíduo,RUSSELL+autoridade+indivíduo, 0 XXX BOOK NOT FOUND 
RUSSELL  B. Introdução à Filosofia Matemática,RUSSELL+Introdução+Filosofia+Matemática,4.04
RUSSELL  B. Os Problemas da Filosofia,RUSSELL+Problemas+Filosofia,3.91
RUSSELL  B. Por Que Não Sou Cristão,RUSSELL+Cristão,4.02
ruth rocha,ruth+rocha,3.74
Saiba Mais Sobre   57   Steve Jobs,Saiba+Mais+Sobre+Steve+Jobs, 0 XXX BOOK NOT FOUND 
SAID  E. Orientalismo,SAID+Orientalismo,4.09
Salem   Stephen King,Salem+Stephen+King,4.01
Sanduíches para Todas as Ocasiões,Sanduíches+para+Todas+Ocasiões, 0 XXX BOOK NOT FOUND 
Sapiens   Uma Breve História da Humanidade   Yuval Noah Harari,Sapiens+Breve+História+Humanidade+Yuval+Noah+Harari,4.45
SARTRE  J P. A náusea,SARTRE+náusea, 0 XXX no there status  
SARTRE  J P. Entre quatro paredes,SARTRE+Entre+quatro+paredes,4.14
SARTRE  J P. Esboço Para uma Teoria das Emoções,SARTRE+Esboço+Para+Teoria+Emoções,3.46
SARTRE  J P. O Imaginário,SARTRE+Imaginário,3.82
SARTRE  J P. Os Caminhos da Liberdade [vol.II]   Pena Suspensa,SARTRE+Caminhos+Liberdade+[vol.II]+Pena+Suspensa, 0 XXX BOOK NOT FOUND 
SARTRE  J P. Que é a Literatura,SARTRE+Literatura,4.26
SCOTT  Joan. A invisibilidade da diferença.PDF,SCOTT+Joan.+invisibilidade+diferença.PDF, 0 XXX BOOK NOT FOUND 
SCOTT  Joan. Gênero   uma categoria útil para análise histórica,SCOTT+Joan.+Gênero+categoria+útil+para+análise+histórica, 0 XXX BOOK NOT FOUND 
Scrum   a arte de fazer o dobro   Jeff Sutherland,Scrum+arte+fazer+dobro+Jeff+Sutherland,4.19
Sedlmayer   O pensamento crítico de Giorgio Agamben e sua contribuição para os estudos literários,Sedlmayer+pensamento+crítico+Giorgio+Agamben+contribuição+para+estudos+literários, 0 XXX BOOK NOT FOUND 
Segredos de Salomao,Segredos+Salomao, 0 XXX no there status  
Segredos do Conclave   Gerson Camarotti,Segredos+Conclave+Gerson+Camarotti, 0 XXX no there status  
SEJA FODA!   Caio Carneiro (Livro Completo),SEJA+FODA!+Caio+Carneiro+(Livro+Completo), 0 XXX BOOK NOT FOUND 
Seja Foda!   Caio Carneiro,Seja+Foda!+Caio+Carneiro,3.47
Sem lugar Para se Esconder   Glenn Greenwald,lugar+Para+Esconder+Glenn+Greenwald,4.08
Sem Pudor (Sem vergonha)   Julianna Costa,Pudor+(Sem+vergonha)+Julianna+Costa,4.33
Sempre em Movimento   Oliver Sacks,Sempre+Movimento+Oliver+Sacks,4.06
SENNETT  R. O corpo e a cidade na civilizacao ocidental,SENNETT+corpo+cidade+civilizacao+ocidental,4.26
SENNETT  Richard. A Cultura Do Novo Capitalismo,SENNETT+Richard.+Cultura+Novo+Capitalismo,3.72
Sera que Deus joga dados   Ian Stewart,Sera+Deus+joga+dados+Stewart,4.03
Sergio Moro   Joice Hasselmann,Sergio+Moro+Joice+Hasselmann, 0 XXX no there status  
SERRES  Michel. Diálogo sobre a ciência  a cultura e o tempo conversas com Bruno Latour,SERRES+Michel.+Diálogo+sobre+ciência+cultura+tempo+conversas+Bruno+Latour,4.01
Sete Dias em River Falls   Alexis Aubenque,Sete+Dias+River+Falls+Alexis+Aubenque,3.38
seven languages in seven weeks p1 0,seven+languages+seven+weeks,3.97
Sexo na cabeca   Kayt Sukel,Sexo+cabeca+Kayt+Sukel,3.54
Sexo  desvio e danacao   Jeffrey Richards,Sexo+desvio+danacao+Jeffrey+Richards, 0 XXX no there status  
Sexo  Desvio e Danação   As Minorias na Idade Média   Jeffrey Richards,Sexo+Desvio+Danação+Minorias+Idade+Média+Jeffrey+Richards,3.46
Siegel Stocks For The Long Run,Siegel+Stocks+Long,4.02
Silvio Santos   Marcia Batista & Anna Medeiros,Silvio+Santos+Marcia+Batista+Anna+Medeiros, 0 XXX no there status  
Sobre a Brevidade da Vida   Seneca,Sobre+Brevidade+Vida+Seneca,4.24
Sobrenatural   Paige McKenzie,Sobrenatural+Paige+McKenzie,3.90
Sociedades Secretas   Philip Gardiner,Sociedades+Secretas+Philip+Gardiner,2.84
Sonho grande   Cristiane Correa,Sonho+grande+Cristiane+Correa,4.18
Stalingrado 1942   O Início do Fim da Alemanha Nazista   Alexander Werth,Stalingrado+1942+Início+Alemanha+Nazista+Alexander+Werth, 0 XXX no there status  
Star Wars   Kenobi   John Jackson Miller,Star+Wars+Kenobi+John+Jackson+Miller,4.05
Stephen Hawking   O Universo Numa Casca de Noz,Stephen+Hawking+Universo+Numa+Casca,4.15
Steve Jobs  As verdadeiras lico   Walter Isaacson,Steve+Jobs+verdadeiras+lico+Walter+Isaacson, 0 XXX BOOK NOT FOUND 
Steve McConnell Rapid Development  Taming Wild Software Schedules Microsoft Press (1996),Steve+McConnell+Rapid+Development+Taming+Wild+Software+Schedules+Microsoft+Press+(1996), 0 XXX BOOK NOT FOUND 
Steve Allen Aprenda Como Einstein Tecnicas de Aprendizagem Acelerada e Leitura Efetiva Para Pensar Como Um Genio PESQUISAVEL,Steve+Allen+Aprenda+Como+Einstein+Tecnicas+Aprendizagem+Acelerada+Leitura+Efetiva+Para+Pensar+Como+Genio+PESQUISAVEL, 0 XXX BOOK NOT FOUND 
Steven Pinker Como a Mente Funciona Companhia das Letras (1998),Steven+Pinker+Como+Mente+Funciona+Companhia+Letras+(1998), 0 XXX BOOK NOT FOUND 
Super memoria para Concursos  Alberto Dell Isola,Super+memoria+para+Concursos+Alberto+Dell+Isola, 0 XXX BOOK NOT FOUND 
Superacao Pessoal  Como vencer   Steve Allen,Superacao+Pessoal+Como+vencer+Steve+Allen, 0 XXX no there status  
Supernatural   Feito de Carne   Tim Waggoner,Supernatural+Feito+Carne+Waggoner, 0 XXX BOOK NOT FOUND 
Suplementação nutricional na pratica clinica e esportiva 1,Suplementação+nutricional+pratica+clinica+esportiva, 0 XXX BOOK NOT FOUND 
Suplementação nutricional na pratica clinica e esportiva,Suplementação+nutricional+pratica+clinica+esportiva, 0 XXX BOOK NOT FOUND 
Série Off Campus,Série+Campus,3.79
TED TALKS,TALKS,4.44
Tenho medo mas dou um jeito..Ruth Rochapdf,Tenho+medo+jeito..Ruth+Rochapdf, 0 XXX BOOK NOT FOUND 
Teresa Lopes Historias Que Acabam Aqui,Teresa+Lopes+Historias+Acabam+Aqui, 0 XXX no there status  
Terras Devastadas   Stephen King,Terras+Devastadas+Stephen+King,4.24
Textos Cruéis Demais Para Serem Lidos Rapidamente   Igor Pereira da Silva,Textos+Cruéis+Demais+Para+Serem+Lidos+Rapidamente+Igor+Pereira+Silva,3.63
The Complete Software Developer’s Career Guide ( PDFDrive.com ),Complete+Software+Developer’s+Career+Guide+PDFDrive.com, 0 XXX BOOK NOT FOUND 
The Manager’s Path  A Guide for Tech Leaders Navigating Growth and Change ( PDFDrive.com ),Manager’s+Path+Guide+Tech+Leaders+Navigating+Growth+Change+PDFDrive.com, 0 XXX BOOK NOT FOUND 
The Science of Interstellar   Kip Thorne,Science+Interstellar+Thorne,4.22
The Phoenix Project by Gene Kim,Phoenix+Project+Gene,4.26
the site reliability workbook next18,site+reliability+workbook+next18, 0 XXX BOOK NOT FOUND 
THEO FISCHER   WU WEI   A ARTE DE VIVER O TAO,THEO+FISCHER+ARTE+VIVER, 0 XXX no there status  
The Science Behind The Law of Attraction  January 15 2018,Science+Behind+Attraction+January+2018, 0 XXX BOOK NOT FOUND 
Thierry Jonquet   Tarantula,Thierry+Jonquet+Tarantula,3.92
Todos Contra Todos   Leandro Karnal,Todos+Contra+Todos+Leandro+Karnal,4.02
Tomek Kaczanowski   Practical Unit Testing with JUnit and Mockito   2013,Tomek+Kaczanowski+Practical+Unit+Testing+with+JUnit+Mockito+2013, 0 XXX BOOK NOT FOUND 
Torre Negra   Stephen King,Torre+Negra+Stephen+King,3.96
Trabalhe 4 Horas por Semana   Tim Ferris (1),Trabalhe+Horas+Semana+Ferris, 0 XXX BOOK NOT FOUND 
TRABALHO E SAUDE MENTAL DOS PROFISSIONAIS EM SAUDE   Cremesp,TRABALHO+SAUDE+MENTAL+PROFISSIONAIS+SAUDE+Cremesp, 0 XXX BOOK NOT FOUND 
Transformando Suor em Ouro   Bernardo Rocha de Rezende,Transformando+Suor+Ouro+Bernardo+Rocha+Rezende, 0 XXX BOOK NOT FOUND 
Tudo o que Nunca Contei   Celeste Ng,Tudo+Nunca+Contei+Celeste,3.84
Turned at Dark   C.C. Hunter,Turned+Dark+C.C.+Hunter,4.08
Ultimas palavras   Christopher Hitchens,Ultimas+palavras+Christopher+Hitchens,4.14
Um Apelo A Consciencia   Os Mel   Clayborne Carson,Apelo+Consciencia+Clayborne+Carson,4.56
Um Pais Sem Excelencias e Mordomias   Claudia Wallin,Pais+Excelencias+Mordomias+Claudia+Wallin,4.11
Um Universo que Veio do Nada   Lawrence Krauss,Universo+Veio+Nada+Lawrence+Krauss,3.93
Uma Breve Historia do Tempo   Stephen Hawking,Breve+Historia+Tempo+Stephen+Hawking,4.16
Uma Nova Historia do Tempo   Stephen Hawking,Nova+Historia+Tempo+Stephen+Hawking,4.21
Urupês   Monteiro Lobato,Urupês+Monteiro+Lobato, 0 XXX no there status  
Usando as mãos   Contando de cinco em cinco,Usando+mãos+Contando+cinco+cinco, 0 XXX BOOK NOT FOUND 
User Stories Applied Mike Cohn,User+Stories+Applied+Mike+Cohn,3.87
Vamos Cozinhar   Ensley F Guffey,Vamos+Cozinhar+Ensley+Guffey,4.21
vencendo a ansiedade e a preocupação,vencendo+ansiedade+preocupação, 0 XXX no there status  
Venkat Subramaniam Functional Programming in Java EN,Venkat+Subramaniam+Functional+Programming+Java,4.14
Viagem a Palestina   Adriana Mabilia,Viagem+Palestina+Adriana+Mabilia, 0 XXX no there status  
Viagem ao Centro da Terra   Julio Verne,Viagem+Centro+Terra+Julio+Verne,3.85
Viagem ao Céu   Monteiro Lobato,Viagem+Monteiro+Lobato,4.13
Viagem de um Naturalista ao Redor do Mundo   Charles Darwin,Viagem+Naturalista+Redor+Mundo+Charles+Darwin,4.03
Vingadores  Todos Querem Dominar o Mundo   Dan Abnett,Vingadores+Todos+Querem+Dominar+Mundo+Abnett, 0 XXX no there status  
Viver em Paz para Morrer em Paz   Mario Sergio Cortella,Viver+para+Morrer+Mario+Sergio+Cortella,3.70
Vivos Embaixo da Terra   Rodrigo Carvalho,Vivos+Embaixo+Terra+Rodrigo+Carvalho, 0 XXX no there status  
Voo Noturno   Antoine de Saint Exupéry,Noturno+Antoine+Saint+Exupéry,3.79
Walter Benjamin   Ensaios Reunidos   Escritos sobre Goethe,Walter+Benjamin+Ensaios+Reunidos+Escritos+sobre+Goethe, 0 XXX no there status  
yadaim ESQUEMA DE ESTUDOS   Psicologia Organizacional,yadaim+ESQUEMA+ESTUDOS+Psicologia+Organizacional, 0 XXX BOOK NOT FOUND 
[Working Effectively with Legacy Code (Robert C. Martin Series) Kindle Edition by Michael Feathers   2005],[Working+Effectively+with+Legacy+Code+(Robert+Martin+Series)+Kindle+Edition+Michael+Feathers+2005],4.12
